ticket_id,title,body,category
TKT-00001,Cannot log in after password reset,"I requested a password reset link earlier today and followed the instructions to change it. Now, whenever I try to sign in with the new password, the page just refreshes and keeps me on the login screen. I have tried clearing my browser cache but the issue persists.",Account Access
TKT-00002,Locked out of my account,"I keep getting an error saying my account is locked due to too many failed login attempts. I am positive I typed my password correctly, but maybe I had caps lock on by accident. Can you please unlock it for me?",Account Access
TKT-00003,Two-factor authentication code not arriving,"I am trying to log in, but the 2FA code is never sent to my device. I have checked my spam folder and waited several minutes, but nothing shows up. How can I get back into my account?",Account Access
TKT-00004,Account shows as deactivated,"I haven't logged in for a few months, and now when I try, it says my account is deactivated. I definitely didn't request a deletion. Can you please reactivate it for me?",Account Access
TKT-00005,Forgotten username and password,It has been such a long time since I used your service that I have completely forgotten which email address I used to register. Is there any way to recover my account details? I have some saved files there that I really need access to.,Account Access
TKT-00006,Session timed out error on every login,"Every time I enter my credentials, the site immediately tells me my session has timed out. I am using a standard browser and I have already tried restarting my computer. This is extremely frustrating because I cannot get any work done.",Account Access
TKT-00007,Security question reset needed,"I am trying to update my profile information, but the site keeps asking for a security question that I do not recall setting up. I must have set it up years ago and forgotten the answer. How can I reset this?",Account Access
TKT-00008,Unable to log in via social media,"I usually log in using my linked social media profile, but today it just returns a server error. I tried logging in with my email directly, but the system says I don't have a password set up since I always use the third-party sign-in. Can you help me link a password to my account?",Account Access
TKT-00009,Authenticator app desynced,I got a new phone and my authenticator app did not transfer the tokens correctly. Now the codes I generate are being rejected by your system. Please help me reset my 2FA settings.,Account Access
TKT-00010,Access denied after browser update,"Ever since I updated my web browser, I get an 'Access Denied' error message when I try to log into my dashboard. Everything worked perfectly yesterday morning. Could you look into whether my account has been restricted?",Account Access
TKT-00011,Account flagged for suspicious activity,"I received an email saying my account was suspended due to suspicious activity. I haven't been on the site in weeks, so I'm very concerned that my account was compromised. Please let me know how to secure it and regain access.",Account Access
TKT-00012,Help with recovery email,"The email address I used to sign up for this account is no longer active and I cannot access it. Because of this, I cannot receive the reset links for my password. What is the process for updating the recovery email when you are already locked out?",Account Access
TKT-00013,Login page freezing,"When I type in my password and hit enter, the submit button just spins indefinitely. It never actually logs me into the dashboard. Is there an issue with your servers right now?",Account Access
TKT-00014,Incorrect credentials error,I am trying to log in but it keeps telling me my credentials are incorrect. I even copied and pasted the password from my manager just to be safe. Is it possible there is a problem with the login service?,Account Access
TKT-00015,Request to merge duplicate accounts,I have two separate accounts by mistake and I am constantly logging into the wrong one. Is it possible to merge these accounts so I can access all my data in one place? I'd like to consolidate them as soon as possible.,Account Access
TKT-00016,Login page redirect loop,"When I navigate to the login page, it keeps redirecting me back to the homepage in an endless loop. I cannot even reach the fields to input my login info. This happens on both my laptop and my phone.",Account Access
TKT-00017,Not receiving account verification email,I signed up for a new account but never received the verification link. I checked my inbox and spam folder multiple times throughout the day. Can you manually verify my account or resend the link?,Account Access
TKT-00018,Can I have multiple users for one account?,"I'm trying to figure out if I can set up login access for my assistant on my account. Currently, we share a password but that's not ideal for security. Does your system support secondary logins?",Account Access
TKT-00019,Need help changing account email address,"I need to change the email associated with my login, but the system won't let me do it without a verification code being sent to the old email address, which I no longer control. How can I resolve this? I am the owner of the account and can provide proof if needed.",Account Access
TKT-00020,Error message when trying to register,"I tried to create an account, but it says an account with my email already exists. When I try to reset the password for that email, it says no account is found. I am stuck in a loop and cannot get in.",Account Access
TKT-00021,Cannot log into my account,I am trying to log in but the screen keeps refreshing after I enter my password. I have cleared my browser cache twice now. Please let me know what I should do next.,Account Access
TKT-00022,Account locked after failed attempts,I think I typed my password wrong too many times and now my account is locked. How do I go about unlocking it? I really need to get in today to finish some work.,Account Access
TKT-00023,Two-factor authentication not sending codes,"I am not receiving the SMS verification codes when I try to log in. I have checked my signal and restarted my device, but nothing is coming through. Is there another way for me to verify my identity?",Account Access
TKT-00024,Forgotten password reset link not working,"I requested a password reset, but the link in the email just takes me back to the main login page. I am very frustrated because I have been trying to access my account for an hour. Can someone please assist me manually?",Account Access
TKT-00025,Account access issue on new device,I just bought a new laptop and cannot seem to log into my account here. It keeps telling me that the device is unrecognized. Is there a way to whitelist this new computer?,Account Access
TKT-00026,Suspicious activity lockout,"My account was locked due to unusual activity, but it was actually me traveling abroad. How can I verify that I am the one trying to sign in? I need access immediately.",Account Access
TKT-00027,Username not recognized,"I have been using the same username for years, but now the system says it does not exist. Did you guys delete my account for some reason? I am worried about losing my data.",Account Access
TKT-00028,Error 403 when attempting to login,"Every time I attempt to access the portal, I get a 403 Forbidden error message. I have tried using a different browser and a different network connection. Could this be an issue with my account permissions?",Account Access
TKT-00029,Need to update recovery email,"I no longer have access to the email address currently linked to my account. Because of this, I cannot reset my password. How can I update my recovery information without being logged in?",Account Access
TKT-00030,Authenticator app desynced,My phone broke and I lost access to my authenticator app. Now I cannot get the six-digit code required to enter my account. Can you reset the MFA settings for me?,Account Access
TKT-00031,Account disabled by system,I tried to sign in this morning and received a notice that my account has been disabled. I have not violated any terms of service that I am aware of. Can you please look into why this happened?,Account Access
TKT-00032,Multiple login attempts from unknown location,"I received a notification about a login attempt from a different country. I have since changed my password, but I am still worried about the security of my profile. Should I take any additional steps to protect my account?",Account Access
TKT-00033,Stuck in a loop at login,"Whenever I enter my credentials, it asks me to update my profile information. When I click the update button, it redirects me back to the start. The whole thing is just stuck in a never-ending cycle.",Account Access
TKT-00034,Password reset email never arrives,"I have requested a password reset five times over the last two hours. I have checked my spam and junk folders, but there is absolutely nothing there. Is your email server down?",Account Access
TKT-00035,Change of ownership access,My colleague has left the company and I need to gain access to their account to retrieve client files. We have all the necessary documentation to prove we own the account. What is the process for a transfer?,Account Access
TKT-00036,Unable to verify identity,"I am trying to log in, but the identity verification prompt is failing every single time. It keeps saying my uploaded ID does not match my records. Can I speak to a human to get this resolved?",Account Access
TKT-00037,Login page won't load,"The entire login page is just a blank white screen when I try to load it on my desktop. I have tried using Chrome, Firefox, and Edge with no luck. Are you experiencing a service outage?",Account Access
TKT-00038,Forgot security question answers,I am locked out because I forgot the answers to my security questions. It has been a long time since I set them up. Is there another way to prove I own this account?,Account Access
TKT-00039,Session timeout issues,I keep getting kicked out of my account after only one minute of inactivity. It is very annoying to have to log back in constantly while I am trying to work. Can I extend my session duration?,Account Access
TKT-00040,Deactivated account recovery,"I deactivated my account a few months ago and would like to reactivate it now. I tried signing in with my old details, but it says the user account does not exist. Is it possible to restore my old account?",Account Access
TKT-00041,Cannot log in after password reset,"I requested a password reset earlier this morning because I forgot my login credentials. I received the link and updated my password, but now the system keeps saying my credentials are invalid. Please help me get back into my account.",Account Access
TKT-00042,Account locked due to too many attempts,"I made a few typos while trying to sign in and now my account is completely locked. It says I have to wait twenty-four hours, but I have a deadline today. Is there any way to unlock it sooner?",Account Access
TKT-00043,Two-factor authentication code not arriving,"I'm trying to sign in, but I never receive the verification code on my device. I have checked my spam folder and restarted my phone multiple times. Nothing seems to be working and I am stuck on the verification screen.",Account Access
TKT-00044,Account shows as deactivated,I went to log in this morning and received a message stating that my account has been deactivated. I haven't done anything to violate the terms of service that I know of. Could you please look into why this happened?,Account Access
TKT-00045,Reset password email never arrives,"I have clicked the 'Forgot Password' button three times now, but no email ever arrives in my inbox. I have verified that I am using the correct registered email address. Can you manually trigger a reset for me?",Account Access
TKT-00046,Access denied error code 403,"Every time I try to access my dashboard, I get a 403 Forbidden error. I have cleared my browser cache and tried using a different browser, but the issue persists. What is causing this access restriction?",Account Access
TKT-00047,Lost access to authenticator app,I got a new phone and I can no longer access the authenticator app that holds my security codes. I am unable to log into my account because it requires that code. How can I verify my identity to reset the authentication settings?,Account Access
TKT-00048,Unable to change account email,"I need to update the email associated with my account, but the verification email never comes through. When I click the resend button, it just spins indefinitely. Please assist me with changing my primary contact email.",Account Access
TKT-00049,Login page loops back to start,"When I enter my username and password, the page just refreshes and keeps me on the login screen. It doesn't give me an error message, it just loops back to the start. I am using the latest version of Chrome, so I'm not sure what is going on.",Account Access
TKT-00050,Multiple login failures from unknown location,I received an alert that there were several failed login attempts from a different country. I am worried my account has been compromised and I would like to force a logout of all active sessions. Can you assist me with securing my account?,Account Access
TKT-00051,Account access issues on mobile app,"The app keeps crashing whenever I try to enter my login information. I have uninstalled and reinstalled the application twice, but the problem remains. Can I get some support on this?",Account Access
TKT-00052,System does not recognize my username,"I have been using the same username for years, but today it says the user does not exist. Did you recently purge inactive accounts? I definitely have an active subscription that I need to manage.",Account Access
TKT-00053,Trouble with single sign-on,"My company uses SSO to access this platform, but the redirect is failing today. It just gives me a white screen after I sign in with my work credentials. Please let me know if there is an outage.",Account Access
TKT-00054,Security question answer failing,"I am trying to log in from a new computer and it is asking for a security question. I am certain I know the answer, but it keeps telling me I am wrong. Is there an alternative way to prove it's me?",Account Access
TKT-00055,Stuck in infinite captcha loop,"I am trying to sign in, but the security check keeps failing. It keeps asking me to select images of traffic lights, and I've done it ten times now. It won't let me past this screen at all.",Account Access
TKT-00056,Cannot sign in with social media provider,"I usually sign in using my social media credentials, but the button is greyed out. Nothing happens when I click it. Is there a technical problem with your integration?",Account Access
TKT-00057,Subscription not recognized after login,"I logged into my account successfully, but it shows that I don't have an active subscription. I paid for the premium plan last month and have the receipt. Can you please check my account status?",Account Access
TKT-00058,Account suspended for inactivity,I haven't logged in for a while and now it seems my account has been suspended. I would like to reactivate it without losing all my historical data. What steps do I need to take?,Account Access
TKT-00059,Browser not supported during login,I get a message saying my browser is not supported when I try to log in. I'm using an older version for compatibility reasons with other tools. Is there a way to bypass this check?,Account Access
TKT-00060,Need help regaining account access,I am having serious trouble getting into my profile and I really need to finish some work. I keep getting a generic system error message every time I click the sign-in button. Any help you could provide would be greatly appreciated.,Account Access
TKT-00061,Cannot log into my dashboard,"Every time I try to log in, the screen just refreshes back to the login page without any error message. I have already tried clearing my browser cache and using a different browser, but nothing changes. Please help me get back into my account.",Account Access
TKT-00062,Locked out after failed password attempts,I am so frustrated because I forgot my password and now the system says my account is locked for security reasons. How long do I have to wait before I can try logging in again? Is there any way to reset this manually?,Account Access
TKT-00063,Two-factor authentication code not arriving,"I am attempting to access my account from a new device, but I am not receiving the authentication code on my registered mobile device. I have checked my settings and signal strength, and everything appears fine. Could you please check if there is an issue with the verification server?",Account Access
TKT-00064,Account access disabled without explanation,I logged in this morning to find a message stating that my account access has been disabled. I have not violated any terms of service that I am aware of. Can you please tell me why this happened and how to get it reinstated?,Account Access
TKT-00065,Forgot my username,"I have been away from your platform for a few months and completely blanked on what my username is. I still have access to my primary inbox, so could you please send a reminder or verify my identity so I can log in?",Account Access
TKT-00066,Issue with security question reset,"I am trying to reset my password, but the security questions being asked do not match the ones I set up. Is it possible for an admin to clear my current security questions so I can log in and update them?",Account Access
TKT-00067,Infinite redirect loop on login,"When I enter my credentials, the page enters an infinite redirect loop and never actually logs me in. I am using the latest version of Chrome. Please assist me as I need to access my data today.",Account Access
TKT-00068,Lost access to authenticator app,I recently lost my phone and no longer have access to my authenticator app to generate the login codes. I need to get back into my account as soon as possible. What steps do I need to follow to verify my identity and disable 2FA?,Account Access
TKT-00069,Unable to verify email for account recovery,"I am trying to recover my account, but the verification link you send to my email is not working. I have tried clicking it multiple times, but it just says the link is expired or invalid. Can you send a new link that works?",Account Access
TKT-00070,Strange login activity notice,"I received an email stating that someone logged into my account from a location I have never been to. I tried logging in to change my password, but now my password does not work at all. It seems my account might have been compromised.",Account Access
TKT-00071,System error during account verification,"I was prompted to verify my account details upon login, but the page keeps crashing and showing a generic error code. I have tried waiting a few hours to see if it was a temporary glitch, but it persists. I am unable to proceed past this verification screen.",Account Access
TKT-00072,Can't login on mobile device,"I use the mobile app regularly, but today it is just hanging on the loading screen forever. I tried uninstalling and reinstalling the app, but it still won't let me reach the login form. Is the mobile service currently down?",Account Access
TKT-00073,Company account access request,I am an administrator for my team and one of my users has left the company. I need to know the proper procedure to disable their access and transfer ownership of their files to a new account. Please provide documentation on how to handle this transition.,Account Access
TKT-00074,Login page returns 404 error,"Every time I navigate to the login page, it returns a 404 Not Found error. I have tried clearing my history and using incognito mode to no avail. Is there a different URL I should be using to access my account?",Account Access
TKT-00075,Account activation link expired,"I just signed up for a new account, but the activation link in my email expired before I could click it. I tried requesting a new one, but the button on your site does not seem to do anything. How can I activate my new account?",Account Access
TKT-00076,Password reset email not delivered,I have requested a password reset email three times now and nothing has appeared in my inbox or spam folder. I am certain I entered the correct account information. Could there be a block on your mail server?,Account Access
TKT-00077,Restricted access from current location,I am currently traveling abroad and now I cannot log into my account. The site tells me that access is restricted from this region. Is there a way to temporarily whitelist my access so I can check my account while I am away?,Account Access
TKT-00078,Error message: invalid credentials,"I know for a fact I am typing the right password, but the system keeps telling me my credentials are invalid. I have reset the password twice now and it still does not accept the new one. Could my account be blocked internally?",Account Access
TKT-00079,Unable to change linked security email,"I am trying to update the recovery email address on my profile, but I cannot save the changes because I need to authorize it via my current email. I no longer have access to that old inbox. Is there an alternative way to prove ownership?",Account Access
TKT-00080,Login freezes after entering code,"I enter my username and password, and then the 2FA code, but then the screen just freezes on a white background. It does not progress to the dashboard. Please advise on how I can resolve this loading issue.",Account Access
TKT-00081,Cannot log into my profile after password reset,"I just reset my password, but now it says the credentials are invalid. I have tried clearing my browser cache and restarting my computer. Please help me get back into my account.",Account Access
TKT-00082,Account locked due to too many attempts,"I was having trouble remembering my login details and tried a few times. Now the system has locked me out completely. How long does this lockout last, or can you unlock it for me now?",Account Access
TKT-00083,Two-factor authentication code not arriving,"Every time I try to log in, I am prompted for a code sent to my mobile device. I have been waiting for over an hour and nothing has arrived. Can you verify if there is an issue with the SMS service?",Account Access
TKT-00084,Issue with single sign-on integration,Our team is encountering a 403 Forbidden error when attempting to access the platform via our corporate SSO. It was working perfectly yesterday afternoon. Could you please investigate if there is a certificate mismatch or an authentication server downtime?,Account Access
TKT-00085,Lost access to authenticator app,I got a new phone and forgot to transfer my 2FA setup. Now I am stuck at the login screen and cannot generate the required tokens. What is the process for verifying my identity to bypass this security layer?,Account Access
TKT-00086,Login page loops back to sign in,"Whenever I enter my username and password, the page just refreshes back to the login screen without any error message. I have tried this on three different browsers with the same result. Is there a server-side session issue affecting my profile?",Account Access
TKT-00087,Account access denied message,I tried to log in this morning and received a notification that my account access has been restricted. I have not violated any terms of service to my knowledge. Can someone please look into this status?,Account Access
TKT-00088,Unable to verify email for login,"I am trying to log in for the first time, but I never received the verification link. I have checked my spam folder multiple times and nothing is there. Could you please resend the activation email to my account?",Account Access
TKT-00089,Automatic logouts are very frequent,"My session expires every five minutes while I am working, which is extremely frustrating. I have to log back in constantly, even when I am actively using the site. Is there a setting I can change to keep me logged in longer?",Account Access
TKT-00090,Request to change account recovery method,I no longer have access to the old secondary email address linked to my account. I need to update this immediately so I don't lose access to my dashboard. How can I verify my identity to make this change?,Account Access
TKT-00091,Credential error on mobile app,"The app says my login is incorrect, but I just checked and it works fine on my desktop. I have reinstalled the application twice already. Please fix this bug.",Account Access
TKT-00092,Unexpected security challenge prompt,"Every time I try to access my account settings, it asks me to identify images for security purposes. It is becoming quite annoying to do this every single time. Can we whitelist my computer so I don't have to verify this constantly?",Account Access
TKT-00093,Forgotten username recovery,I have been using the service for years but recently realized I forgot the specific username associated with this account. I have the correct password and access to the linked email. How can I recover the username?,Account Access
TKT-00094,System maintenance message during login,"I am trying to log in, but the site says it is under maintenance. I have a deadline and really need to get in right now. Is there any way to bypass this or do you know when it will be back online?",Account Access
TKT-00095,Account disabled after long period of inactivity,"I haven't logged into my account for about six months, and now it says the user does not exist. Do you delete accounts that haven't been used in a while? I really need to get my data back.",Account Access
TKT-00096,Browser compatibility login issue,"I am forced to use a specific older browser for work, and it seems the login page is completely broken for me. It loads a blank white screen instead of the input fields. Can you support this browser or offer a workaround?",Account Access
TKT-00097,Multiple accounts causing confusion,I seem to have created two separate accounts by accident and keep logging into the wrong one. Is there any way to merge these profiles into one? I want to keep the history from both if possible.,Account Access
TKT-00098,Login page times out constantly,The page just spins forever after I press the login button. I suspect it is a problem with the login server. Could you please check if my account is stuck in a bad state?,Account Access
TKT-00099,Need to reset security questions,I cannot remember the answers to my security questions for account recovery. Is there a way to update these so I don't get locked out later? Please advise on the steps to reset these.,Account Access
TKT-00100,Unable to log in via Google SSO,"I usually sign in using the Google button, but today it just returns a server error. I tried signing in manually, but I don't have a password set up since I always used Google. Please help.",Account Access
TKT-00101,Cannot log in after password reset,"I requested a password reset link earlier today but it is not working. Every time I try to set a new password, the page just refreshes and kicks me back to the start. Please help me get back into my account.",Account Access
TKT-00102,Suspicious login alert received,I received an email stating that someone logged into my account from a different city. I haven't traveled recently and I'm very concerned about my security. Can you please lock the account and help me secure it?,Account Access
TKT-00103,Two-factor authentication code not arriving,I am trying to sign in but the SMS verification code never shows up on my phone. I have checked my signal and restarted my device multiple times with no success. Is there another way for me to access my account?,Account Access
TKT-00104,Locked out after too many attempts,I forgot my password and I think I typed it in wrong too many times. Now the system says my account is temporarily locked for security reasons. How long do I have to wait until I can try again?,Account Access
TKT-00105,Account seems to be deactivated,"I have not logged in for a few months, and now my credentials are not recognized. It says the username does not exist. Did you delete my account due to inactivity?",Account Access
TKT-00106,Error message when accessing dashboard,"Every time I enter my correct login information, I get a generic error message about an internal server issue. I have tried clearing my browser cache and using a different computer. Nothing seems to resolve the problem.",Account Access
TKT-00107,Authenticator app removed from phone,"I lost my phone which had my authenticator app installed, so I no longer have the codes to log in. I really need to get into my account to retrieve my files. Can you help me reset the security settings?",Account Access
TKT-00108,Unable to verify identity for account recovery,"I tried to use the automated recovery tool, but the questions asked are impossible for me to answer. I do not remember the specific details of my first transaction. Is there a human I can speak with to verify my identity?",Account Access
TKT-00109,Redirect loop on sign-in page,"When I go to the sign-in page, the browser just keeps loading and redirecting indefinitely. I have tried three different browsers and they all do the same thing. I suspect the login portal is broken.",Account Access
TKT-00110,Requesting permanent account closure,"I would like to close my account entirely but I cannot find the setting anywhere in the dashboard. I also seem to have forgotten my password, which makes it harder to access the settings menu. Please assist me in deleting my profile.",Account Access
TKT-00111,Login page not rendering correctly,The login page is showing as just a white screen with some blue text at the top. I cannot see the fields to type in my email or password. Can you fix the layout or tell me if the site is down?,Account Access
TKT-00112,Not receiving password reset emails,I have clicked the forgot password button several times but I am not receiving the email in my inbox or spam folder. My email address is definitely correct. Can you check if the system is sending them out?,Account Access
TKT-00113,Cannot update recovery email address,I need to update my recovery email but I am locked out of the account so I cannot access the profile settings. Is there a way to verify my identity and update the contact information from your end?,Account Access
TKT-00114,My account was compromised,"I noticed unauthorized activity on my profile this morning and I am worried my account has been hacked. I changed my password immediately, but I still want to make sure there are no other backdoors. Please investigate.",Account Access
TKT-00115,Browser extension interfering with login,"I am having trouble logging in because the interface keeps glitching. I suspect one of my security extensions might be blocking the script, but I am not sure how to fix it. Can you provide the whitelist settings?",Account Access
TKT-00116,Session timed out error constantly,"Every time I try to log in, I immediately get a message saying my session has timed out. I haven't even had the chance to type my password yet. This is extremely frustrating and I cannot get any work done.",Account Access
TKT-00117,Forgotten username and password,"I have been away for a long time and I honestly cannot remember which email I used to sign up. I have two possible emails, but neither seems to work for the reset function. How can I recover my account details?",Account Access
TKT-00118,Account flagged for review,"I received a notice saying my account is under review and cannot be accessed. I have followed all the terms of service, so I am very confused. How long will this review take?",Account Access
TKT-00119,Need help setting up MFA,"I am trying to enable multi-factor authentication for extra security, but I keep getting a validation error. Could you guide me through the process manually or check why it's rejecting my setup?",Account Access
TKT-00120,Can I log in using social media?,I tried to use my social media account to sign in but it says the link is invalid. I would prefer to keep using that method rather than setting up a new password here. Is this feature currently disabled?,Account Access
TKT-00121,Cannot log in after password reset,"I requested a password reset link earlier today but it is not working. Every time I try to set a new password, the page refreshes and gives me an error message. I really need to get into my account to check my recent activity.",Account Access
TKT-00122,Account locked due to too many attempts,I think I typed my password in wrong a few too many times while trying to log in on my phone. Now it says my account is locked for security reasons. Can you please unlock it so I can try again?,Account Access
TKT-00123,Two-factor authentication code never arrives,"I am trying to sign into my dashboard, but the verification code for two-factor authentication is not arriving on my device. I have checked my spam folder and restarted my phone, but nothing is showing up. How can I get back into my account?",Account Access
TKT-00124,System says account does not exist,"I have been using this service for months without any issues, but today it tells me my account does not exist. I am sure I am using the right credentials. Could my account have been accidentally deleted?",Account Access
TKT-00125,Forgot the answer to my security question,"I am trying to recover my password, but the system is asking for a security question that I do not remember the answer to. Is there any other way to verify my identity and reset my login credentials?",Account Access
TKT-00126,Inaccessible account due to old email address,"I no longer have access to the email address linked to this account. Because of this, I cannot receive the verification code needed to log in. Please let me know how I can update my email address without being logged in.",Account Access
TKT-00127,Login page constantly looping,"Every time I enter my username and password, the page just reloads the login screen without any error message. I have cleared my browser cache and tried using a different browser, but it still happens. Please help me resolve this access issue.",Account Access
TKT-00128,Device not recognized during login,"I am trying to log in from a new laptop, but the site keeps asking me to verify my identity through an email link that I never receive. I have verified that I am using the correct email address. This is very frustrating as I need to work right now.",Account Access
TKT-00129,Unable to change password,"I want to update my login credentials, but the change password button is greyed out. I am currently logged in but I need to make sure my account is secure. Can you assist me with this?",Account Access
TKT-00130,Account access error 403,"When I try to access my account settings, I keep getting a 403 forbidden error. I have tried logging out and back in, but the error persists. It seems like I do not have permission to view my own information.",Account Access
TKT-00131,Lost my authenticator app access,I got a new phone and I forgot to transfer my authenticator app tokens over. Now I cannot log in because I do not have the code. How can I disable 2FA so I can sign in and set it up again?,Account Access
TKT-00132,Account suspended without notice,I went to sign in this morning and received a message saying my account has been suspended. I have not violated any terms of service that I am aware of. Can someone please look into this and restore my access?,Account Access
TKT-00133,Password reset email link expired,"I tried to click the link to reset my password, but it says the token has expired even though I just requested it. I have tried three times now with the same result. Please fix this so I can regain access.",Account Access
TKT-00134,Browser not supported during login,"I am trying to sign into my account, but the page tells me my browser is not supported. I am using an updated version of Safari on my Mac. Why am I being blocked from my own account?",Account Access
TKT-00135,Cannot remember username,"I have been away from this platform for a while and I have completely forgotten my username. I tried using my email address to log in, but it does not seem to recognize it. Can you help me recover my account?",Account Access
TKT-00136,Suspicious activity lockout,"My account was locked because of suspicious activity, but I was the one trying to log in from a different coffee shop. How can I prove it was me so I can get back into my account? I need to access my files immediately.",Account Access
TKT-00137,Permission denied after login,"I successfully logged in, but now I get an error saying I do not have sufficient permissions to view the dashboard. I have a paid subscription, so this should not be happening. Please check my account status.",Account Access
TKT-00138,Authenticator code always invalid,"I am entering the six-digit code from my app correctly, but the system rejects it every single time. I have checked my phone clock settings to ensure they are synchronized. Nothing is working and I am effectively locked out.",Account Access
TKT-00139,Account locked during password update,"While updating my password, the site crashed and now I cannot log in at all. It seems my account is stuck in some weird state where it does not recognize my old or new password. Could you please check the status?",Account Access
TKT-00140,Help needed with account recovery,"I am really struggling to log in. I have tried everything listed in the help center, but nothing works. Is there a human who can help me verify my account ownership so I can sign back in?",Account Access
TKT-00141,Cannot log in after password reset,"I requested a password reset link earlier today and followed the instructions to create a new one. Now, when I try to sign in with the new credentials, it just keeps saying invalid login. Please help me access my profile.",Account Access
TKT-00142,Account locked due to multiple attempts,I forgot my password and tried to guess it a few times. Now my account appears to be locked because of too many failed attempts. How can I get this resolved so I can log back in?,Account Access
TKT-00143,Two-factor authentication code never arrives,"I am trying to sign in from a new device, but the SMS verification code is not being delivered to my phone. I have waited over an hour and checked my signal strength. Is there another way I can verify my identity?",Account Access
TKT-00144,Unable to access account from new location,I recently traveled abroad and now I am getting an error when I try to sign in. The system seems to think my login attempt is suspicious. Can you please whitelist my current location so I can access my data?,Account Access
TKT-00145,Forgot my recovery email address,I cannot get into my account and the recovery link is being sent to an email address I no longer have access to. Is there any way to change the recovery email on file? I need to get back into my account urgently.,Account Access
TKT-00146,System says my account is disabled,"When I try to log in, I get a message stating that my account has been disabled. I have not violated any terms of service to my knowledge. Could you please review my account status and let me know why this happened?",Account Access
TKT-00147,Authenticator app sync issue,I switched to a new phone and my authenticator app is not generating the correct codes for your site. I am currently locked out because I cannot provide the 6-digit verification key. How can I reset my MFA settings?,Account Access
TKT-00148,Login page loops back to sign-in,"Every time I enter my correct username and password, the page just refreshes and brings me back to the login screen. I have cleared my browser cache and tried using incognito mode, but it still happens. This is very frustrating.",Account Access
TKT-00149,Requesting manual account reactivation,"I deactivated my account a few months ago but have decided I want to come back. When I try to sign in, it says the user does not exist. Is it possible to reactivate my old account or do I need to start over?",Account Access
TKT-00150,Suspicious activity alert blocked my access,"I received an email saying there was suspicious activity on my account, and now I cannot log in at all. I did not authorize any strange sign-ins recently. Please assist me in securing my account and restoring my access.",Account Access
TKT-00151,Login button is unresponsive,"I am trying to sign in using the desktop app, but the login button does not do anything when I click it. I have updated the app and restarted my computer, but the button remains unresponsive. Please let me know how to fix this.",Account Access
TKT-00152,Lost access to authenticator device,I accidentally dropped my phone in water and it is completely destroyed. Now I have no way to get the verification codes needed for my login. How can I verify my identity manually so I can sign in again?,Account Access
TKT-00153,Wrong username error during login,"It keeps telling me that my username is incorrect, but I have it saved in my password manager. I have tried typing it manually several times to be sure. Could you check if my username has been changed without my knowledge?",Account Access
TKT-00154,Reset password email is not arriving,I have clicked the 'forgot password' button four times now. I have checked my spam and junk folders repeatedly but nothing is coming through. Is there an issue with your mail server?,Account Access
TKT-00155,Account locked for security purposes,Your system flagged my account and locked it. I assume this was because I was using a public VPN connection. Please unlock it so I can get back to work.,Account Access
TKT-00156,Help with account recovery process,I am struggling with the account recovery form. Some of the questions about my past activity are difficult for me to answer accurately. Can I speak to a human to verify my identity instead?,Account Access
TKT-00157,Google sign-in is failing,"I usually sign in using my Google account, but today it just shows a 500 error page every time I try. I need to get into my account immediately for a deadline. Please help.",Account Access
TKT-00158,Username does not match our records,"I have been using this platform for years, but today I am told my username does not exist. Did you recently purge inactive accounts? I definitely still use this account.",Account Access
TKT-00159,Too many failed attempts error,"I have been locked out due to too many failed login attempts, but I only tried once. Maybe there is someone else trying to access my account. Please reset my attempts and let me know if there were any unauthorized logins.",Account Access
TKT-00160,Login page displays a blank screen,"Whenever I navigate to the login page, it just shows a blank white screen instead of the input fields. I have tried on both Chrome and Safari. Is there a server outage occurring right now?",Account Access
TKT-00161,Unable to log in after password update,"I recently changed my password because I forgot the old one, but now the system keeps rejecting my credentials. I have tried clearing my browser cache and using an incognito window without any success. Please help me regain access as soon as possible.",Account Access
TKT-00162,Account locked due to too many failed attempts,"I think I locked myself out of my account while trying to remember my login info. It says I need to wait 24 hours, but I have an urgent project deadline today. Can you please unlock it for me?",Account Access
TKT-00163,Two-factor authentication code not arriving,I am trying to log in but the 2FA code is never sent to my device. I have checked my spam folder and restarted my phone several times. Is there an issue with your notification service today?,Account Access
TKT-00164,Access denied error code 403,"Every time I attempt to sign in to my dashboard, I get an error code 403 message. I am using my standard work computer and have never had this issue before. Could you please check if my account has been flagged or restricted?",Account Access
TKT-00165,Forgot password reset email never arrived,"I clicked the forgot password link three times now, but I never receive the email to reset it. I have verified my email address is correct on my profile. Please look into why the reset emails are not being triggered.",Account Access
TKT-00166,Need help changing account email address,"I no longer have access to the email linked to my account. I need to update it to my current address, but I cannot log in to make the change because the verification code is sent to the old address. How can I verify my identity to switch this over?",Account Access
TKT-00167,System says account does not exist,"I have been using this platform for years, but today when I tried to log in, it says no account found with my email. I am worried my account was deleted or compromised. Can you search your database for my username?",Account Access
TKT-00168,Authenticator app stopped working,I got a new phone and my authenticator app did not sync my codes correctly. Now I cannot log in because I don't have the backup codes or access to the old device. What is the process for resetting my MFA settings?,Account Access
TKT-00169,Social login button is unresponsive,"When I try to sign in using my Google account, the button just spins and nothing happens. I have tried different browsers and the issue persists. Could this be a problem with the site's integration?",Account Access
TKT-00170,Account shows as deactivated,"I received a message saying my account was deactivated for policy violations, but I have no idea what I did wrong. Could you please clarify why this happened and if it is possible to reactivate my access? I have been a loyal user for a long time.",Account Access
TKT-00171,Infinite login loop on mobile,"Every time I try to log in on my phone, it loops me back to the sign-in page without showing any errors. It works fine on my desktop. Is there a mobile setting I need to adjust?",Account Access
TKT-00172,Login session expires immediately,"As soon as I log in, the site kicks me back out to the main page. This happens repeatedly even after I check the 'remember me' box. It makes it impossible to do anything on my account.",Account Access
TKT-00173,Access restricted from current country,I am currently traveling abroad for work and cannot log into my account. I keep getting a message saying access is restricted from my current region. Can you please whitelist my account while I am traveling?,Account Access
TKT-00174,Issues with recovery questions,"I tried to recover my account using the security questions, but I don't remember the exact answers I set up years ago. Is there any other way to verify my identity? I really need to get back in today.",Account Access
TKT-00175,Login page is blank,"When I navigate to the login page, the screen stays completely white. I’ve tried refreshing and checking my internet connection, but nothing changes. Is the authentication server down right now?",Account Access
TKT-00176,Request for password reset link,My company IT department recently forced a security update and I think it messed up my saved passwords. I've tried resetting mine but the system says I am ineligible. Can you manually trigger a reset for me?,Account Access
TKT-00177,Suspicious login alert prevented me from logging in,"I received an email saying there was a suspicious login attempt, so I changed my password. Now, even with the new password, I am locked out of the system entirely. Please assist me in securing and reopening my account.",Account Access
TKT-00178,Unable to access account after update,"Since the recent software update, my credentials are no longer accepted. I am certain I am typing them correctly as they are saved in my password manager. Is there a known bug regarding logins after the update?",Account Access
TKT-00179,Account verification link expired,"I signed up for a new account but didn't click the verification link in time, so now it says the token has expired. Can you send me a new link so I can finish setting up my account? I don't want to have to restart the registration process.",Account Access
TKT-00180,Multiple accounts linked to one email,"I have two different accounts and I seem to be having trouble switching between them. Every time I try to sign into the second one, it automatically logs me into the first one. How can I manage both properly?",Account Access
TKT-00181,Cannot log into my account,I am trying to sign in but the page just reloads every time I hit enter. I have already cleared my browser cache and tried using a different device. Could you please look into why this is happening?,Account Access
TKT-00182,Locked out after failed attempts,"I forgot my password and tried to guess it a few times, but now the system says I am locked out. How long do I have to wait before I can try again? Is there any way to reset it immediately?",Account Access
TKT-00183,Two-factor authentication code never arrives,I am attempting to sign in but the verification code is not being sent to my phone. I have waited over an hour and checked my spam folder just in case. Please assist me in accessing my account.,Account Access
TKT-00184,Account access issue after password reset,I requested a password reset link earlier today but the link keeps saying it is invalid. I have tried requesting a new one three times now with no luck. I really need to get back into my account today.,Account Access
TKT-00185,Login page returns 404 error,"Whenever I navigate to the login portal, I am getting a server error. It seems like the page is broken on your end. Is there a maintenance window happening right now?",Account Access
TKT-00186,Authenticator app not syncing,My authenticator app is no longer generating the correct codes for my login. I have tried re-syncing the time on my device but it still rejects the code. Can someone help me disable this security layer so I can log in?,Account Access
TKT-00187,Suspected unauthorized account access,I received an email stating that my account was logged into from a location I do not recognize. I am currently unable to log in to change my password myself. Please freeze my account immediately.,Account Access
TKT-00188,Stuck in a login loop,I enter my credentials and the site redirects me back to the landing page without logging me in. I am using the latest version of my browser and have disabled all extensions. This is extremely frustrating.,Account Access
TKT-00189,Unable to verify email address,I created a new account but never received the verification email. I checked my spam folder and it is not there. Could you please manually verify my email so I can gain access?,Account Access
TKT-00190,Requesting account recovery assistance,"I no longer have access to the email address I used to register my account. I still know the password, but I cannot complete the verification process. How can I update my contact information without being logged in?",Account Access
TKT-00191,Getting logged out automatically,"I can log in just fine, but the system logs me out after only a few minutes of inactivity. It is very annoying to have to sign back in constantly while I am working. Is there a setting I can change to keep my session active?",Account Access
TKT-00192,Password reset email not sending,I have been waiting for the password recovery email for several hours now. I have checked every folder including junk and trash. Why am I not receiving the reset link?,Account Access
TKT-00193,Single Sign-On failing consistently,Our office uses SSO to sign in and it has been failing for all users this morning. We are getting an error stating that the authentication provider is unreachable. Is there a known outage with your login servers?,Account Access
TKT-00194,Unable to update login email,"I need to change the email address associated with my account, but the system keeps asking for my current password which I forgot. I am currently logged in on my phone but not my computer. Can you help me update this?",Account Access
TKT-00195,System says account is disabled,I tried to log in today and received a message that my account has been disabled. I have not violated any terms of service as far as I know. Could you please explain why this happened and help me restore access?,Account Access
TKT-00196,Social login not working,"I usually sign in using my social media account, but today it is failing to connect. It just spins on the loading screen indefinitely. I would like to link my account to a regular email address instead.",Account Access
TKT-00197,Screen freezes on login button,"Every time I click the login button, the page becomes unresponsive. I have tried using different browsers like Chrome and Firefox. Nothing seems to work and I am unable to get into my dashboard.",Account Access
TKT-00198,Multi-factor authentication reset,I lost the phone that had my authentication codes. I need someone to reset the MFA settings for my account so I can set it up on my new device. What documentation do you need from me?,Account Access
TKT-00199,Keep getting invalid credentials error,"I am 100% sure I am typing my password correctly, but the system keeps telling me it is invalid. I have tried resetting it multiple times but nothing seems to stick. Please advise on how to fix this.",Account Access
TKT-00200,Access restricted due to suspicious activity,My account was flagged for suspicious activity and I cannot log in to clear the warning. I have confirmed that the activity was actually me working from a new coffee shop. How can I lift this restriction?,Account Access
TKT-00201,Cannot log in after password reset,"I requested a password reset link because I forgot my credentials. I followed the link and set a new password, but now it says the credentials are invalid when I try to sign in. Please help me get back into my account.",Account Access
TKT-00202,Double charge on my monthly subscription,I noticed two identical charges on my bank statement for this month. My subscription should only be billed once. Could you please look into this and process a refund for the extra charge?,Billing
TKT-00203,Why did my monthly rate increase?,My bill was ten dollars higher this month than it was last month. I haven't changed my plan or added any new services. Can someone explain why the price went up without any warning?,Billing
TKT-00204,Unable to update payment method,"I have been trying to swap my expired credit card for a new one, but the website keeps giving me an error message. I don't want my service to get interrupted, so please help me fix this. The error code I am seeing is 402.",Billing
TKT-00205,Requesting a refund for accidental renewal,I forgot to cancel my trial before it ended and was just charged for the full year. I don't use the service anymore and would really appreciate a refund. Please help me out.,Billing
TKT-00206,Missing invoice for last month,"I need the itemized invoice for my accounting department, but I never received the automated email. Can you please send a copy of last month's statement to my account? I need it to finalize my monthly reports.",Billing
TKT-00207,Charge showing up on cancelled account,"I cancelled my subscription back in November, yet I was charged again yesterday. I have proof of my cancellation email. Please stop these charges immediately and refund the unauthorized transaction.",Billing
TKT-00208,Discount code not applied correctly,"I entered the promotional code at checkout, but the final price didn't change at all. It seems like the system ignored my coupon. Can you please apply the discount retroactively to my current bill?",Billing
TKT-00209,Tax calculation looks wrong,I am reviewing my receipt and noticed the sales tax is significantly higher than usual. It looks like it was calculated using the wrong region. Can you verify if this is correct?,Billing
TKT-00210,Requesting a change to billing cycle,Is it possible to switch my billing date to the first of the month? It would be much easier for my personal budgeting. Let me know if you need any additional information to process this change.,Billing
TKT-00211,Payment failed multiple times,"My bank says the payment is going through, but your system keeps saying the transaction failed. I have verified the details three times now. Please investigate why my card is being rejected.",Billing
TKT-00212,Need receipt for business expenses,I am putting together my expenses for the quarter and realized I missed one receipt. Could you generate a PDF receipt for the payment made on the 15th? Thank you for your assistance.,Billing
TKT-00213,Refund status inquiry,"I was told my refund was processed five days ago, but I still don't see it in my bank account. How long does it usually take for the funds to show up? I'm getting a bit worried.",Billing
TKT-00214,Overcharged for service usage,"The system says I went over my data limit, but my internal logs show I was well under the cap. I believe there is an error in your tracking software. Please review my usage stats.",Billing
TKT-00215,Currency conversion issue,I am being charged in dollars instead of my local currency as promised. The exchange rate used makes the service way more expensive than advertised. Can you switch my billing currency?,Billing
TKT-00216,Update billing address,I recently moved and need to update the billing address on file for my card. I tried to find the setting in my dashboard but couldn't locate it. Could you point me in the right direction?,Billing
TKT-00217,Coupon code expired prematurely,"The email I received said the discount was valid until the end of the week, but the code says it is already invalid. I was really hoping to use that today. Is there anything you can do?",Billing
TKT-00218,Unexpected plan upgrade,"I did not authorize an upgrade to the premium tier, yet my invoice reflects the higher price. I would like to be downgraded back to the base plan and credited the difference. This feels very deceptive.",Billing
TKT-00219,Payment information security concerns,I noticed my payment details are still being stored in your system even though I requested deletion. I want all my sensitive financial data wiped from your database immediately. Please confirm when this has been completed.,Billing
TKT-00220,Inquiry about late fees,"I missed my payment due date by one day because I was traveling. I see a late fee was added to my balance. Since I have been a loyal customer for years, is there any chance you could waive this fee?",Billing
TKT-00221,Trouble with gift card payment,"I'm trying to use a prepaid gift card to cover my monthly balance, but the system isn't accepting it. It has enough funds on it to cover the cost. Why is this card being declined?",Billing
TKT-00222,Unexpected charge on my statement,I noticed an extra charge on my bank statement that I did not authorize. Could you please look into this and tell me what it was for? I would like a refund if it was a mistake.,Billing
TKT-00223,Unable to update credit card details,"I am trying to change my payment method in the settings, but the site keeps crashing when I hit save. My card is about to expire, and I want to avoid a service interruption. Please assist.",Billing
TKT-00224,Double billed for this month,My account shows two separate charges for the same subscription period. I am confused why this happened as I only have one active plan. Please reverse the duplicate charge as soon as possible.,Billing
TKT-00225,Requesting a refund for accidental renewal,I didn't realize my subscription was set to auto-renew today. I haven't used the service at all this month and would like to request a refund. Thank you for your help.,Billing
TKT-00226,Invoice amount does not match plan price,"My latest invoice is significantly higher than the advertised monthly price. I checked my dashboard and it still says the lower price, so I am not sure where this extra cost came from. Can you explain the discrepancy?",Billing
TKT-00227,Tax calculation looks wrong,The sales tax applied to my recent purchase seems incorrect for my location. I believe I am being overcharged based on the local rates in my area. Could you please review my account settings?,Billing
TKT-00228,Promotion code failed to apply,"I entered my discount code during checkout, but the final total did not reflect the promised savings. The code was valid, and I am disappointed that I paid full price. Can you apply the discount retroactively?",Billing
TKT-00229,Need a copy of my tax receipt,I cannot find the tax receipt for my annual subscription payment. Is it possible for you to send me a PDF copy to my account? I need it for my business records.,Billing
TKT-00230,Change in billing cycle date,I would like to change my monthly billing date to the 15th so it aligns with my paycheck. Is there a way to adjust this in the user portal? Please let me know the steps required.,Billing
TKT-00231,Why was my account suspended for non-payment?,I just logged in to find that my access is restricted due to a billing issue. I definitely paid my bill on time last week and have the confirmation. Please restore my access immediately.,Billing
TKT-00232,Requesting an itemized statement,Could you please provide a detailed breakdown of the fees on my last bill? I am trying to understand the service charges and usage fees listed separately. I would appreciate a clear explanation.,Billing
TKT-00233,Subscription cancellation issue,"I cancelled my subscription three weeks ago, but I was still charged for this month. I have a confirmation email, but the money was taken from my account anyway. Please process a refund.",Billing
TKT-00234,Payment method declining without cause,"My credit card is perfectly valid and has plenty of funds, yet the system keeps rejecting it. I have tried re-entering the information three times now. What is the problem?",Billing
TKT-00235,How do I update my billing address?,I moved to a new state and need to update my billing address for tax purposes. I can't seem to find where to change this under the account profile tab. Can you point me in the right direction?,Billing
TKT-00236,Confusion regarding trial period charges,"I thought the first month was a free trial, but I see a charge dated for yesterday. If this was supposed to be free, why was I charged? I would like an explanation or a reversal of the fee.",Billing
TKT-00237,Failed payment notification,"I received an automated email saying my payment failed, but I have already updated my card details. How can I trigger a retry of the payment to clear the balance? I don't want my service to be shut down.",Billing
TKT-00238,Upgrade price higher than expected,"I upgraded my plan based on the pricing shown on your website, but my first bill was much higher. It seems like the pro-rated amount was calculated incorrectly. Please review this for me.",Billing
TKT-00239,Issue with international transaction fee,The total amount charged to my card was higher than the amount shown on the website due to an international fee. I was not informed that my bank would charge this extra fee. Can you compensate for this difference?,Billing
TKT-00240,Where can I find my payment history?,I need to look back at my payments from the last six months for my budget planning. I cannot find a section in my account that lists past transactions. Where should I look?,Billing
TKT-00241,Switching from annual to monthly billing,I am currently on an annual plan but would prefer to switch to monthly payments starting next month. How can I make this change without losing access to my current features? Thanks for the help.,Billing
TKT-00242,Unexpected charge on my monthly statement,I noticed an extra charge on my bill that doesn't match my usual monthly rate. Could you please look into why this happened and provide a refund? I haven't added any new services recently.,Billing
TKT-00243,Unable to update credit card details,"I keep trying to change my payment method in the dashboard, but I get an error every time I click save. My current card is expiring soon and I want to avoid service interruption. Can you help me fix this?",Billing
TKT-00244,Double charge for the same billing cycle,I was charged twice for this month's subscription. Please check my account and reverse one of the transactions immediately. This has caused my account balance to go negative.,Billing
TKT-00245,Question regarding annual renewal price increase,My subscription just renewed at a significantly higher price than last year. Was I not supposed to be locked into the promotional rate for another twelve months? Please clarify why the cost increased without prior notice.,Billing
TKT-00246,Invoice shows incorrect currency,"Why am I being billed in USD instead of my local currency? I have previously set my region correctly, but the most recent invoice reverted to dollars. Please rectify this and adjust the charge accordingly.",Billing
TKT-00247,Request for a VAT invoice,I need a tax invoice for my recent payment for accounting purposes. The current receipt does not show the company tax identification number clearly. Can you provide a formal document for my records?,Billing
TKT-00248,Promo code did not apply,"I entered the discount code during checkout, but the final total did not reflect the promised deduction. I already submitted the payment, so I would like the difference credited back to my card. Please let me know how we can resolve this.",Billing
TKT-00249,Cancelled subscription still being billed,"I cancelled my service account over a month ago, yet I just received another charge notification today. I have the confirmation email from the cancellation. Please stop the billing process and refund the unauthorized amount.",Billing
TKT-00250,Payment gateway timeout issues,"Every time I attempt to pay my balance, the page hangs and eventually times out. I have tried using three different browsers and clearing my cache. Is there an issue with your payment processor right now?",Billing
TKT-00251,Refund request for unused service,"I mistakenly forgot to turn off the auto-renew feature before the trial period ended. Since I have not used the platform at all since the renewal, would it be possible to get a refund? I would appreciate your help with this.",Billing
TKT-00252,Billing address update for invoices,"I need to update the billing address on all my future invoices because my business has moved. I updated it in the profile settings, but the old address is still appearing on the generated PDF. How can I ensure the new address is reflected?",Billing
TKT-00253,Can I switch to annual billing?,"I am currently on a monthly billing cycle, but I would like to switch to the annual plan to save some money. Will I get a prorated credit for the time I have already paid for this month? Please guide me through the process.",Billing
TKT-00254,Unrecognized transaction on bank statement,"There is a pending transaction on my bank statement from your company, but I don't recall authorizing it today. Could you check if this was a mistake or if my account was billed early? I want to make sure my details are secure.",Billing
TKT-00255,Problem accessing billing history,"I am trying to download my invoices from the past six months, but the download link returns a 404 error. I really need these for my tax filing this week. Is there any other way to get these documents sent to me?",Billing
TKT-00256,Payment failed despite sufficient funds,"My payment for the monthly plan keeps getting rejected with an 'insufficient funds' error, but I know there is plenty of money in that account. My bank said the transaction isn't even reaching them. Can you check if there is a block on your end?",Billing
TKT-00257,Request to pause subscription,I am going to be away for three months and won't be able to use the service. Is it possible to pause my billing temporarily instead of canceling the whole account? I would like to keep my data history intact.,Billing
TKT-00258,Discrepancy in tier pricing,"I upgraded to the pro tier, but I am still being billed at the legacy rate which doesn't include the new features. I am worried that I might lose access to the pro tools if the billing system doesn't register the change. Could you please verify my current status?",Billing
TKT-00259,How to remove stored payment method,"I want to delete my saved credit card from your system for security reasons. However, there is no 'delete' or 'remove' button visible in my payment settings. Please advise on how I can permanently erase my card data.",Billing
TKT-00260,Confirmation of payment received,"I sent a bank transfer for my outstanding balance three days ago, but my account still shows as past due. I am worried that my service will be cut off. Could you confirm that you have received the funds?",Billing
TKT-00261,Billing cycle change request,I would like to change my billing date to the first of the month to align with my other expenses. Is that something your support team can manually adjust for me? Please let me know what information you need from my side.,Billing
TKT-00262,Double charge on my monthly subscription,I noticed on my bank statement that I was charged twice for this month's subscription. Could you please look into this and process a refund for the extra payment? I have attached a screenshot of the transactions for your reference.,Billing
TKT-00263,Why is my invoice higher than expected?,"My latest bill is significantly more expensive than the previous months. I haven't changed my plan, so I am very confused about these extra fees. Can you explain what these line items are?",Billing
TKT-00264,Update payment method for recurring billing,"I need to switch my billing from my old credit card to a new one. I tried doing this in the settings menu, but it kept giving me an error message. Please let me know how I can update my details safely.",Billing
TKT-00265,Cancellation fee inquiry,"I recently cancelled my service, but I was surprised to see a final charge on my account today. I was under the impression there were no cancellation penalties. Could you clarify why this charge was applied?",Billing
TKT-00266,Unable to download my invoices,"I am trying to export my payment history for tax purposes, but the download links are broken. Every time I click the PDF icon, nothing happens. Is there another way for me to get these documents?",Billing
TKT-00267,Tax exemption request,"Our company is tax-exempt, but I forgot to upload our certificate before the last billing cycle. Is it possible to get a refund for the tax portion of my recent invoice? I have the certificate ready to provide.",Billing
TKT-00268,Currency conversion discrepancy,"My plan is priced in one currency, but the amount deducted from my account is different due to exchange rates. Is there any way to lock in a price or pay in my local currency to avoid these fluctuations? It makes budgeting quite difficult.",Billing
TKT-00269,Applied promo code didn't work,"I signed up using a promotional offer, but my first invoice shows the full price instead of the discounted rate. I made sure to enter the code before checking out. Please apply the discount to my current bill.",Billing
TKT-00270,Refund request for unused service period,"I cancelled my subscription halfway through the month because I no longer needed the service. Since I only used it for a few days, I was hoping for a prorated refund. Is that something you can accommodate?",Billing
TKT-00271,"Payment failed, need assistance",My payment failed yesterday for no apparent reason. My card has sufficient funds and is active. Could you check if there is an issue on your payment gateway's end?,Billing
TKT-00272,Request for a billing statement breakdown,The current bill is very vague and doesn't clearly show which features were used. I am trying to justify this expense to my manager and need a more detailed breakdown. Please send a line-item report if possible.,Billing
TKT-00273,Account charged after cancellation,"I cancelled my account last month, yet I received a charge today. This is frustrating because I have the confirmation email from when I closed the account. Please reverse this charge immediately.",Billing
TKT-00274,Prepaid balance inquiry,"I added credits to my account balance a few weeks ago, but they don't seem to have been applied to my recent invoice. Can you verify if those credits are still valid? I'd like to use them for this month's renewal.",Billing
TKT-00275,Received a bill for a closed account,I received an invoice for an account I shut down over a year ago. This must be a system error on your side. Please stop sending me these bills and verify that my account was permanently deleted.,Billing
TKT-00276,Difficulty finding invoice history,I've been looking through my account settings for twenty minutes and cannot find my previous receipts. Where exactly can I view my billing history? It's not intuitive at all.,Billing
TKT-00277,Need a refund for an accidental duplicate upgrade,I think I accidentally clicked the upgrade button twice while the page was loading. Now it says I have multiple premium slots that I don't need. Please refund the extra upgrade and revert me to the single premium plan.,Billing
TKT-00278,VAT number validation issue,"I am trying to add my VAT number to my profile, but the system keeps rejecting it as invalid. I have verified that the number is correct with my tax office. Can someone manually update this for me?",Billing
TKT-00279,Billing cycle change request,"I would like to switch from a monthly billing cycle to an annual one. Does this change take effect immediately or at the end of the next month? Also, do I qualify for any discounts for paying upfront?",Billing
TKT-00280,My card was charged twice on the same day,I saw two pending charges for the same amount on my credit card dashboard. It looks like a glitch during the checkout process. Please cancel one of these charges before it settles.,Billing
TKT-00281,Unexpected price increase notification,I noticed my bill went up significantly this month. I don't recall receiving any notice about a price hike. Can you explain why the costs have changed without any prior communication?,Billing
TKT-00282,Double charge on my monthly statement,I noticed that I was charged twice for my subscription this month. Could you please look into this and process a refund for the extra charge? I have already checked my bank statement and confirmed both transactions are pending.,Billing
TKT-00283,Unexpected price increase,My monthly bill jumped by twenty dollars without any prior notice. I was under the impression that I was locked into a fixed rate plan. Can you explain why the cost has changed so drastically?,Billing
TKT-00284,Unable to update credit card info,"I keep getting an error message whenever I try to save my new credit card details. The site just tells me there is a validation issue. My card is valid, so I suspect something is wrong with your payment portal.",Billing
TKT-00285,Subscription cancellation confirmation missing,I cancelled my account last week but I was still billed today. I never received a confirmation email for the cancellation. Please stop these charges and refund the latest payment immediately.,Billing
TKT-00286,Discount code not applied,"I entered my promo code during checkout, but the final invoice still shows the full price. I am very disappointed because I relied on that discount to make the purchase. Is it possible to apply the credit retroactively?",Billing
TKT-00287,Requesting a refund for unused service,I forgot to cancel my trial period and ended up paying for the first month. I haven't even logged in once since the trial ended. Would it be possible to get a refund for this charge?,Billing
TKT-00288,Tax calculation looks wrong,"I was looking at my latest invoice and the tax amount seems significantly higher than usual. My billing address has not changed, so I am confused about this calculation. Could someone review this for me?",Billing
TKT-00289,Payment failed but funds deducted,"The system said my payment failed, yet the money was taken out of my bank account. The service is still showing as inactive on my dashboard. Please reconcile this so I can regain access.",Billing
TKT-00290,Need a copy of my invoices,I am currently preparing for my taxes and I realized I am missing several invoices from earlier this year. Where can I find the archive for my past billing history? I need these documents sent to me as soon as possible.,Billing
TKT-00291,Changed billing cycle frequency,"I requested to switch from monthly to annual billing last week. However, the system just billed me for another month at the higher rate. Please adjust my account status and fix the billing frequency.",Billing
TKT-00292,Charged after account deletion,"I deleted my account permanently last month, but I just received a charge on my credit card statement today. This is unacceptable. Please resolve this and ensure no future charges occur.",Billing
TKT-00293,Payment method expired notification,"I keep seeing a warning that my payment method is expired, but I updated it yesterday. The system doesn't seem to recognize the new expiration date I entered. Can you verify if the update went through?",Billing
TKT-00294,Currency conversion discrepancy,The amount charged to my card is higher than the amount displayed on the checkout page due to currency conversion. I was not informed about these additional fees. This feels misleading and I would like an explanation.,Billing
TKT-00295,Refund status inquiry,"I was promised a refund ten days ago, but I still have not seen it in my bank account. Can you provide a transaction reference number or confirm when the funds were released? I need to track this down.",Billing
TKT-00296,VAT ID missing on invoice,I need to add my VAT identification number to my invoices for my business accounting. The current invoice lacks this information. Can you update my profile and re-issue the recent invoices with the number included?,Billing
TKT-00297,Applied wrong plan,"I signed up for the basic plan, but I was charged for the premium tier. This was definitely a mistake on my part when clicking through the menu. Could you please downgrade my plan and credit the difference?",Billing
TKT-00298,Declined transaction error,"My payment is being declined by your processor, but my bank says they are not even receiving the request. I have tried three different cards with no luck. Is there an outage with your payment gateway?",Billing
TKT-00299,Inquiry regarding billing date,I would like to change my billing date to the first of the month to align with my salary. Is it possible to schedule my subscription renewal for a specific day? Please let me know if this is a supported feature.,Billing
TKT-00300,Excessive usage charges,My latest bill includes a massive fee for overage charges that I don't understand. I do not believe I exceeded my data limits this month. Could you provide a breakdown of how these charges were calculated?,Billing
TKT-00301,Payment portal not loading,"Every time I click the button to pay my bill, the page just spins and eventually times out. I have tried using different browsers and clearing my cache. I just want to pay my bill, but the site won't let me.",Billing
TKT-00302,Unexpected charge on my monthly statement,"I noticed an extra charge on my bank statement this morning that doesn't match my usual plan rate. I haven't added any new features, so I'm confused why the total is higher. Could you please look into this and clarify the discrepancy?",Billing
TKT-00303,Problem with updating payment method,"I've been trying to update my credit card details for the last hour, but the page keeps throwing an error message. I really need to get this sorted before my next renewal date so I don't lose access. Can someone help me with this?",Billing
TKT-00304,Requesting a refund for accidental renewal,I completely forgot to cancel my subscription before the renewal date hit. I haven't used the service at all this month and would really appreciate a refund. Is there any way to process this reversal?,Billing
TKT-00305,Tax invoice missing from portal,"I need to submit my expenses to accounting, but the invoice for last month is not showing up in my account portal. Could you please email me a PDF copy of the receipt? It would be a huge help.",Billing
TKT-00306,Payment failed despite sufficient funds,"My subscription was just suspended, but I have more than enough money in my account to cover the cost. It seems like the system failed to process the transaction properly. Please investigate why the payment was declined.",Billing
TKT-00307,Double charged for the same month,I am looking at my transaction history and see two separate charges for the same subscription period. This is quite frustrating as I was only expecting one. Please process a refund for the duplicate transaction as soon as possible.,Billing
TKT-00308,How to change billing cycle from monthly to yearly,I want to switch my billing from monthly to yearly to save some money. I couldn't find the option in the user settings menu anywhere. Can you walk me through the steps or change it on your end?,Billing
TKT-00309,Cancellation confirmation not received,"I canceled my subscription three days ago, but I have yet to receive a confirmation email. I'm worried that I'm going to be charged again next week. Could you please verify that my account is officially closed?",Billing
TKT-00310,Applied promo code didn't work,"I tried entering a valid discount code during checkout, but the price remained the same. I'm hesitant to complete the purchase without the discount applied. Can you apply the code manually to my account?",Billing
TKT-00311,Need clarification on currency conversion fees,"I noticed that the amount charged to my card is slightly higher than the listed subscription price. I assume this is due to international currency conversion, but I want to be sure. Is there a way to pay in my local currency instead?",Billing
TKT-00312,Account charged after cancellation request,"I requested a cancellation last month, but I was charged again today. I have the reference number from my previous chat session if you need it. Please resolve this and refund the unauthorized charge.",Billing
TKT-00313,Why did my plan price increase?,My monthly rate suddenly went up without any prior notice. I was under the impression that I was locked into my initial pricing tier. Please explain the reason for this sudden hike.,Billing
TKT-00314,Unable to locate receipts in dashboard,I need all my payment records for the last year for tax purposes. I can only see the last three months in the dashboard. Where can I download the older statements?,Billing
TKT-00315,Subscription paused but still getting billed,"I put my account on hold last month because I was traveling, but the bill still hit my credit card. This seems like a technical glitch in the system. Could you please correct the billing status and issue a credit?",Billing
TKT-00316,Requesting a pro-rated refund,"I decided to close my account halfway through the billing cycle. Since I won't be using the service for the remaining two weeks, are you able to offer a pro-rated refund? Thanks for your assistance.",Billing
TKT-00317,Payment method expired notification,"I received an automated email saying my card is expired, but I have already updated it to a new one. Is there a sync issue with the billing backend? I want to ensure my service stays active.",Billing
TKT-00318,Help with tax exemption status,"I am a representative of a non-profit organization and we should be exempt from sales tax. I've sent our documentation, but we are still being taxed on our subscription. How can I get this resolved permanently?",Billing
TKT-00319,Overcharged for extra seats,"We only added one extra user seat to our team plan, but the invoice reflects a charge for three. This is a significant discrepancy in our billing. Please audit our account and adjust the invoice accordingly.",Billing
TKT-00320,Disputing an unauthorized charge,There is a charge on my account for a service I never signed up for. I only ever used the free version of your product. Please refund this immediately or I will have to contact my bank to dispute it.,Billing
TKT-00321,Can I switch payment cards before renewal?,"My current card is about to expire, and I want to proactively switch to a new one so I don't experience a service outage. Is it possible to swap cards without triggering an immediate renewal? I want to make sure I don't lose my current billing date.",Billing
TKT-00322,Unexpected charge on my monthly statement,I noticed an extra charge on my bill today that I don't recognize. Can you explain what this service fee is for? I would like it removed if it was charged in error.,Billing
TKT-00323,Unable to update my credit card information,"Every time I try to save my new credit card details, I get a system error message. My current card is expiring soon and I don't want my subscription to lapse. Please assist me with updating this.",Billing
TKT-00324,Charged twice for the same subscription period,I see two identical charges from your company on my bank statement for this month. Why was I billed twice? Please issue a refund for the duplicate transaction as soon as possible.,Billing
TKT-00325,Requesting a refund for accidental renewal,"I meant to cancel my subscription before it renewed, but I forgot. Since I haven't used the service at all this month, could you please provide a refund? I have already cancelled my account now.",Billing
TKT-00326,Subscription price increase concern,My monthly bill jumped significantly this billing cycle without any prior notification. Was there a price hike that I missed? I am considering cancelling if the costs keep rising.,Billing
TKT-00327,Disputing unauthorized charge,I just checked my account and there is a charge for a premium add-on I never authorized. I am very frustrated because I didn't click anything to upgrade my plan. Please reverse this charge immediately.,Billing
TKT-00328,Problem accessing my billing history,"I am trying to download my invoices for my tax records, but the download link is broken. Nothing happens when I click the button for the past six months. Could you please email them to me directly?",Billing
TKT-00329,Promo code not applied at checkout,"I entered a valid discount code when I signed up, but I am still being charged the full retail price. Can you apply the promotion manually to my account? I have the confirmation page screenshot if needed.",Billing
TKT-00330,Need to switch to annual billing,"I would like to change my current monthly payment plan to an annual one. How do I go about making this switch in my account settings? Also, does this change come with a discount?",Billing
TKT-00331,Payment failed despite sufficient funds,"My recurring payment failed, but I definitely have enough money in my account. I've tried re-submitting the payment three times now with no luck. Is there something wrong with your payment processor?",Billing
TKT-00332,Missing tax receipt,I need a copy of my tax receipt for the payments made last year. The portal only shows current billing cycles. Can you generate a summary for the entire previous year for me?,Billing
TKT-00333,Billing cycle confusion,I am confused about when exactly my payments are drafted each month. The date seems to shift by a few days every time. Can you clarify which date my card is actually charged?,Billing
TKT-00334,Request for account credit,"Due to the recent system outage, I was unable to use the service for three days. Since I pay for this service monthly, I think it is only fair that I receive a partial credit. Please let me know if this is possible.",Billing
TKT-00335,Cannot remove payment method,"I am trying to delete an old card from my profile, but the system says I cannot remove the primary payment method. How am I supposed to add a new card if it won't let me delete the old one first? This is very annoying.",Billing
TKT-00336,Confused about currency conversion,My invoice is showing in a different currency than what I signed up for originally. Why has the billing currency changed? I am worried about fluctuating exchange rates affecting my total cost.,Billing
TKT-00337,Gift card balance not applied,"I applied a gift card to my balance, but it isn't showing up as a credit on my account. My next bill is due in two days and I need this resolved. Thank you for your help.",Billing
TKT-00338,Billing email address change,"I need to change the email address where my monthly invoices are sent. I have updated it in my profile, but I am still receiving billing notifications at the old address. Can you please sync this change?",Billing
TKT-00339,Sales tax calculation seems incorrect,I noticed that the tax percentage applied to my bill is higher than it should be for my region. Can you look into why the tax amount seems off? I want to ensure my account is configured correctly.,Billing
TKT-00340,Upgrade caused double billing issues,I upgraded my plan halfway through the month and now my billing statement looks like a total mess. It seems I was charged for the old plan and the new one at the same time. Please fix these charges.,Billing
TKT-00341,Business account VAT issues,"We are a business and need to ensure our VAT identification number is included on all future invoices. I have updated the info, but I need to know if previous invoices can be reissued with this detail. It is urgent for our accounting department.",Billing
TKT-00342,Double charge on my monthly subscription,I noticed that I was billed twice for my subscription this month. Could you please check my account and issue a refund for the extra charge? It is frustrating to see two separate transactions on my bank statement.,Billing
TKT-00343,Unrecognized charge on my statement,"Hi, I see a charge from your company on my credit card that I do not recognize. I haven't used your service in months, so I'm confused about why this appeared. Can you help me figure out what this is for and get it reversed?",Billing
TKT-00344,Unable to update credit card information,"Every time I try to save my new payment method, the site throws an error message. I have tried using three different browsers, but the issue persists. My service is going to expire soon, and I really need this fixed.",Billing
TKT-00345,Discrepancy in invoice amount,My latest invoice is significantly higher than the amount I agreed to when I signed up. The breakdown shows a fee I was never informed about. Could you please explain what these charges are for?,Billing
TKT-00346,Need a refund for accidental renewal,"I forgot to cancel my trial before it rolled over into a paid subscription. I haven't logged in since the renewal date, so is it possible to get a refund? I would appreciate your help with this.",Billing
TKT-00347,Billing cycle change request,I am currently set up for monthly payments but I would like to switch to an annual billing cycle. Does this come with any discounts? Please let me know how to make this change.,Billing
TKT-00348,Tax invoice not received,"I need a formal tax invoice for my recent payment for our company records. I have checked my email history, but I haven't received anything other than the confirmation receipt. Could you send that over?",Billing
TKT-00349,Failed payment alert received,"I received an email saying my payment failed, but I have sufficient funds in my account. Could you look into why the transaction is being declined? I don't want my service to be interrupted.",Billing
TKT-00350,Promo code not applied,"I entered my discount code during checkout, but the total price did not reflect the promised reduction. I went ahead and finished the transaction thinking it would adjust, but it didn't. Can you apply the discount retrospectively?",Billing
TKT-00351,How do I cancel my account?,"I want to stop my service, but I can't find the cancellation link in the settings menu. I don't want to be billed for another month. Please assist me in canceling immediately.",Billing
TKT-00352,Update billing currency,"My account is currently being billed in USD, but I would like to be billed in my local currency to avoid conversion fees. Is it possible to change the billing currency setting for my account? Let me know the steps.",Billing
TKT-00353,Missing charge receipt,I paid my balance yesterday but I never got a confirmation email or receipt. I need proof of payment to submit to my finance department. Please send a copy to my registered address.,Billing
TKT-00354,Service downgrade price adjustment,"I downgraded my plan halfway through the billing cycle, but I was still charged for the premium tier. Should there have been a prorated credit applied to my account? Please review my balance.",Billing
TKT-00355,Where can I find my past invoices?,"I am trying to organize my expenses for the year, but the billing history page seems to be empty. Am I looking in the wrong place? Please point me in the right direction.",Billing
TKT-00356,Question regarding lifetime access plan,"I was looking at the pricing page and saw a lifetime plan option, but the checkout button isn't working. Is this offer still active? I am very interested in signing up for this tier.",Billing
TKT-00357,Payment gateway error during checkout,I'm getting a '403 Forbidden' error whenever I click the pay button on your site. This is preventing me from upgrading my account. How can I resolve this and complete my payment?,Billing
TKT-00358,Applied wrong payment method,I accidentally charged my personal card instead of my company credit card for the last subscription renewal. Is there any way to reverse this and charge the correct card instead? I can provide the other card details securely.,Billing
TKT-00359,Inquiry about price increase,My bill just went up by twenty percent without any prior notification. Why was the price increased so drastically? I have been a loyal customer for years and this feels like a sudden jump.,Billing
TKT-00360,Subscription paused but still billed,"I paused my subscription last month to avoid being charged while I am traveling. Despite this, I was still billed on the first of the month. Can you please investigate this and provide a refund?",Billing
TKT-00361,Adding VAT information to invoice,I need to update my billing profile to include our company VAT number for tax compliance. The current invoice doesn't show this information. How can I ensure that future invoices include these details?,Billing
TKT-00362,Double charge on my monthly subscription,I noticed that I was charged twice for my subscription this month. Could you please check my account and refund the extra transaction? I would appreciate a quick resolution to this.,Billing
TKT-00363,Unrecognized charge on my statement,"There is a transaction on my bank statement that I do not recognize. It shows a charge from your company, but I haven't made any recent purchases. Please let me know what this is for.",Billing
TKT-00364,Update billing information,"Hi there, I need to update the credit card associated with my account. Can you point me in the right direction to change my payment method securely? Thanks for the help.",Billing
TKT-00365,Why did my monthly rate increase?,My bill went up by ten dollars this month without any notification. I have been a loyal customer for years and this seems unfair. Can someone please explain why my rate changed?,Billing
TKT-00366,Failed payment notification error,"I keep getting emails saying my payment failed, but I have plenty of funds in my account. I checked my bank and they see no attempted charges from you. Is there an issue with your payment gateway?",Billing
TKT-00367,Request for a refund on canceled service,"I canceled my service last week, but I was just charged for the full month today. Since I am no longer using the service, I would like a prorated refund for the remaining time. Please process this as soon as possible.",Billing
TKT-00368,Need an itemized invoice for my records,I am putting together my expenses for the year and realized I am missing a few invoices. Is it possible to download a complete history of all payments made? I need them for tax purposes.,Billing
TKT-00369,Disputing a late fee,"I received an email about a late payment fee, but I never received my initial invoice. It is frustrating to be charged extra when I haven't been billed yet. Could you please waive this fee for me?",Billing
TKT-00370,How do I switch to an annual plan?,I want to switch from monthly billing to annual to save some money. How do I make that change in my settings? I don't want to lose access during the transition.,Billing
TKT-00371,Tax exemption request,My organization is tax-exempt and I just realized we were charged sales tax on our latest invoice. Could you please update our account status and credit back the tax amount? I can provide the necessary documentation.,Billing
TKT-00372,Promo code did not apply,"I entered a valid promo code during checkout, but the discount wasn't applied to my final total. I already completed the purchase before realizing the mistake. Can you please apply the credit to my account?",Billing
TKT-00373,Billing cycle start date,I am trying to align my bills to the first of the month. Can you change my billing cycle start date? I want to avoid having payments scattered throughout the month.,Billing
TKT-00374,Payment gateway timeout,"Every time I try to submit my payment, the page freezes and times out. I have tried three different browsers and nothing is working. How can I pay my bill before the deadline?",Billing
TKT-00375,Inquiry about currency conversion,"I am being billed in a currency that is different from my local one, which is causing extra conversion fees on my bank's end. Is it possible to change my billing currency to my local one? This would save me a lot of money.",Billing
TKT-00376,Unable to access billing portal,"I am trying to view my current bill, but the billing tab is missing from my dashboard. Is the site currently under maintenance? I really need to check my balance today.",Billing
TKT-00377,Refund requested for accidental upgrade,I accidentally clicked the button to upgrade my plan while browsing the site. I did not mean to commit to a more expensive tier. Please downgrade me back to my previous plan and refund the difference.,Billing
TKT-00378,Subscription cancellation confirmation,I requested a cancellation last month but I see I am still being charged. I would like a confirmation that my account is actually closed. Please stop all future billing immediately.,Billing
TKT-00379,Request to pause billing,I will be away for two months and won't be using the service. Is there a way to pause my subscription and stop the billing for that period? I would love to resume once I return.,Billing
TKT-00380,Overcharged for service usage,The usage summary for this month seems completely wrong. My account shows I used double the amount of data than I actually did. Could you please investigate this discrepancy?,Billing
TKT-00381,Unable to remove old credit card,"I am trying to delete an expired credit card from my account, but the system keeps throwing an error. It won't let me add a new one until the old one is gone. Can you manually remove the old card for me?",Billing
TKT-00382,Unexpected charge on my monthly statement,I noticed an extra charge on my bank statement this morning that doesn't match my usual plan rate. Could you please look into why the amount is higher than expected? I would appreciate a quick explanation or a correction if this was an error.,Billing
TKT-00383,Unable to update payment method,"Every time I try to save my new credit card information, the page just refreshes and gives me an error message. I've tried using a different browser, but the issue persists. My subscription is due for renewal soon, and I don't want any service interruptions.",Billing
TKT-00384,Charged for canceled subscription,"I cancelled my account last month, yet I see a charge for this current billing cycle. This is very frustrating as I received confirmation of the cancellation via email. Please process a refund as soon as possible.",Billing
TKT-00385,Request for invoice receipt,"Hi, I need a detailed PDF invoice for my records for the payment made on the 15th. I can't seem to find the download link in my account dashboard. Could you please email me a copy?",Billing
TKT-00386,Tax calculation looks wrong,I am looking at my latest bill and the tax amount seems significantly higher than in previous months. Has there been a change in how tax is applied to my region? Please review the calculation and let me know if this is correct.,Billing
TKT-00387,Double charge for single subscription,My bank statement shows two identical charges for the same subscription on the same day. This looks like a duplicate transaction error on your end. Please check into this and refund one of the charges.,Billing
TKT-00388,Need to switch to annual billing,"I am currently on a monthly plan and would like to switch to annual billing to take advantage of the discount. Is it possible to change this mid-cycle, or do I need to wait until my next renewal date? Let me know the steps to update my billing preference.",Billing
TKT-00389,Payment failed despite sufficient funds,"My payment failed yesterday, even though there is plenty of money in my account. I have checked with my bank and they say no transaction was attempted. Can you tell me why the system is rejecting my payment method?",Billing
TKT-00390,Question regarding refund status,"I requested a refund five days ago, but I haven't seen the funds back in my account yet. How long does the typical processing time take? I am starting to worry that the request didn't go through properly.",Billing
TKT-00391,Discount code not applied,"I tried to enter my promotional code during the checkout process, but it didn't seem to update the final total. I have already completed the payment at the full price. Is it possible to apply the discount retroactively and refund the difference?",Billing
TKT-00392,Upgrade charge was higher than quoted,"I upgraded my plan based on the pricing shown on the pricing page, but the actual charge on my card was much higher. It seems like the promotional discount didn't carry over. Can you please investigate this discrepancy?",Billing
TKT-00393,Currency conversion issue,I noticed that I am being charged in a different currency than my home region. This is causing me to pay extra fees due to exchange rates. Is there any way to change my billing currency to my local one?,Billing
TKT-00394,Payment link expired,"The link you sent me to pay the outstanding balance has expired. Could you please generate a new one so I can settle my account? I apologize for the delay, I have been traveling for work.",Billing
TKT-00395,Billing cycle start date request,Is it possible to shift my billing date to the first of the month? It would be much easier for my personal budgeting to have all my expenses align. Please let me know if this is a feature you offer.,Billing
TKT-00396,Received an invoice for an account I don't recognize,I just received an invoice in my inbox for an account that I never signed up for. I am concerned that someone else is using my details. Please look into this and cancel the subscription immediately.,Billing
TKT-00397,Credit balance not reflecting on bill,"I was promised a service credit due to an outage last month, but it doesn't appear on my latest bill. The full amount was charged as if no credit existed. Could you please apply the credit and adjust the bill?",Billing
TKT-00398,Inquiry about pricing structure,I'm looking at my bill and I'm quite confused by the line items listed under service fees. Could you provide a breakdown of what these specific charges represent? I want to make sure I understand what I am paying for each month.,Billing
TKT-00399,Payment method expired notification,"I received an automated email saying my payment method has expired, but I updated it yesterday. Could you please confirm that the system is now recognizing the new card? I really don't want my service to be suspended.",Billing
TKT-00400,Requesting a refund for partial month usage,"I only used the service for three days this month before deciding to cancel. Since I am on a monthly subscription, am I eligible for a prorated refund? It doesn't seem fair to pay for the whole month.",Billing
TKT-00401,Billing dashboard shows blank page,"When I click on the billing tab in my account settings, it just shows a blank white page. I've tried clearing my cache and using a different browser, but nothing happens. How am I supposed to view or manage my invoices?",Billing
TKT-00402,Unexpected charge on my statement,I noticed a transaction on my bank statement that I did not authorize. Can you please check why I was billed twice this month? I would appreciate a prompt refund for the duplicate amount.,Billing
TKT-00403,Application crashing on startup,"Every time I try to launch the desktop application, it immediately crashes to the desktop. I have already tried reinstalling the software twice, but the issue persists. Could you please let me know what logs I need to send over for analysis?",Technical
TKT-00404,API authentication failing,"I am receiving a 403 Forbidden error when attempting to authenticate via the API using my standard token. It was working perfectly yesterday, but all calls are now being rejected. Is there a known outage or a change in the authentication requirements?",Technical
TKT-00405,Data synchronization not working,"My changes on the mobile app are not syncing to the web dashboard. I have checked my internet connection and logged out and back in, but the data is still missing. How can I force a manual sync?",Technical
TKT-00406,Unable to export report to CSV,"When I click the export button for the monthly analytics report, nothing happens. I have tried using both Chrome and Firefox, but the download never triggers. This is quite urgent as I need the data for a meeting.",Technical
TKT-00407,High CPU usage on background process,"The background service for your software is consistently consuming over 40% of my CPU, even when idle. My laptop fan is running at full speed constantly. Is there a patch or configuration tweak to resolve this resource hogging?",Technical
TKT-00408,Missing permissions for admin dashboard,"I am logged in as an administrator, but I no longer see the 'Settings' tab in the dashboard. I was able to access it yesterday without any problems. Can you check if my account permissions were accidentally modified?",Technical
TKT-00409,SSL certificate warning,I am getting an invalid certificate error when I try to connect to your service. My browser is warning me that the site connection is not private. Please let me know if there is an issue with your SSL configuration.,Technical
TKT-00410,Database connection timeout,My application is throwing a timeout exception when connecting to the database. It seems like the query takes too long to execute and eventually drops the connection. Is there a way to increase the connection timeout limit?,Technical
TKT-00411,Interface scaling issues on high DPI display,"The text and buttons in the application are extremely blurry on my 4K monitor. Everything looks fine on my laptop screen, but scaling is clearly broken on the secondary display. Are there any display settings I should adjust?",Technical
TKT-00412,Webhook not receiving event notifications,"We set up a webhook to receive event notifications, but we are not getting any payloads. I have verified that the endpoint is reachable from the public internet. Is there a way to view the outgoing logs on your end?",Technical
TKT-00413,Login page loop,I keep getting redirected back to the login page even after entering the correct credentials. It seems like my session is not being maintained after authentication. I have already cleared my browser cache and cookies.,Technical
TKT-00414,Import tool failing for large files,The tool for importing CSV files fails every time I try to upload a file larger than 50MB. It stays at 99% for a while and then throws an internal server error. Is there a size limit I should be aware of?,Technical
TKT-00415,Unexpected logout during active sessions,I am being logged out automatically every 10 minutes while working. This is very frustrating when I am in the middle of editing a long document. Can I adjust the session timeout duration?,Technical
TKT-00416,Integration with external service broken,The integration between your platform and my project management tool stopped working this morning. I am seeing 'Connection Refused' in the integration settings log. Please advise on how to reset this connection.,Technical
TKT-00417,Search index not updating,"I added several new entries to the database an hour ago, but they are not showing up in the search results. It seems like the indexer might be stuck. How long does it usually take for search indices to update?",Technical
TKT-00418,Broken link in documentation,The link to the developer API reference on your support page returns a 404 error. I really need to check the request parameters for the new update. Could you provide a working link?,Technical
TKT-00419,Formatting issues in generated PDF,"The PDF export function is cutting off the bottom half of the images in my reports. It looks fine in the web preview, but the file output is definitely corrupted. How can I fix this layout issue?",Technical
TKT-00420,Unable to save custom workspace layout,"I keep customizing my workspace dashboard, but it resets to the default view every time I log out. I have clicked the 'Save Layout' button several times. Is there a hidden setting I am missing?",Technical
TKT-00421,Installation error: missing dependency,"I am trying to install the software on a clean system, but it fails due to a missing library dependency. It mentions a specific runtime is required, but I am sure I have it installed. Could you provide the exact version required?",Technical
TKT-00422,Performance degradation during peak hours,The response time for all pages has significantly increased today. It takes almost 30 seconds for the main dashboard to load. Are you experiencing any server load issues at the moment?,Technical
TKT-00423,Application crashes on startup,"Every time I try to launch the desktop client, it immediately closes without showing an error message. I have already tried reinstalling the software twice but the issue persists. Could you please look into this for me?",Technical
TKT-00424,API authentication failing with 401,"I am receiving persistent 401 Unauthorized errors when calling the endpoint despite using a freshly generated token. The credentials have the correct scopes assigned, but the server refuses to validate them. Is there a known outage with the authentication service today?",Technical
TKT-00425,Dashboard widgets not loading data,"The main analytics dashboard is completely blank today. The sidebar loads fine, but all the individual widgets just show a spinning loader icon indefinitely. I've cleared my browser cache, but it didn't help.",Technical
TKT-00426,Database connection timeout in production,Our production environment is reporting frequent connection timeouts when querying the primary database. It seems like the connection pool is becoming saturated during peak hours. We need immediate assistance in investigating the latency spikes.,Technical
TKT-00427,Password reset email never arrives,"I have requested a password reset five times now, but I haven't received any email in my inbox or spam folder. My account seems to be locked out. Can you please trigger a manual reset or check if my account is blocked?",Technical
TKT-00428,Unexpected 500 internal server error,"When I click the 'Generate Report' button, the page redirects to a 500 Internal Server Error screen. It was working perfectly yesterday afternoon. Please check the logs to see what might be causing this crash.",Technical
TKT-00429,Slow performance after latest update,"Ever since the software updated to the latest version, the interface feels incredibly sluggish. Simple actions like clicking a button now take three or four seconds to register. This is really impacting my team's workflow.",Technical
TKT-00430,Unable to export data to CSV,"I am trying to export my monthly history, but the file download doesn't trigger. The browser developer console shows a failed network request to the export server. Could you please let me know if this feature is currently broken?",Technical
TKT-00431,Permission denied error on shared folder,"I have been granted access to the shared directory, but the system keeps telling me I have insufficient permissions. I can see the files, but I cannot open or download them. Please check my user group settings.",Technical
TKT-00432,SSL certificate warning on login page,My browser is displaying a security warning stating that the connection to your login page is not private. It mentions that the certificate has expired or is invalid. I don't feel comfortable logging in while this warning is present.,Technical
TKT-00433,Mobile app sync error,My mobile app isn't syncing with my desktop account anymore. It just says 'Sync Failed' whenever I pull to refresh. I've restarted the app and re-logged in but the problem is still there.,Technical
TKT-00434,Integration webhook stopped firing,"We have an automated webhook set up to notify our internal system, but it has stopped triggering as of this morning. We haven't changed any configurations on our side. Could you verify if the webhook service is operational?",Technical
TKT-00435,Missing saved project files,I opened the application today and all my work from last night has disappeared. The project folders are completely empty. I know I hit save before closing the program. Is there any way to recover this?,Technical
TKT-00436,CLI tool command not recognized,"I installed your command line tool, but I get a 'command not found' error when trying to run it. I've added the binary to my system path, but it still won't execute. What am I doing wrong?",Technical
TKT-00437,Formatting issues in exported PDF,The PDF reports generated by your system have misaligned tables and overlapping text. It makes the final documents look unprofessional when I present them to clients. Are there any known issues with the rendering engine?,Technical
TKT-00438,Two-factor authentication code rejected,"I am entering the correct code from my authenticator app, but your system keeps rejecting it as invalid. I am currently locked out of my account because of this. How can I bypass this or reset the 2FA settings?",Technical
TKT-00439,Hardware acceleration causing visual glitches,"The interface is flickering and showing strange artifacts whenever hardware acceleration is enabled. Turning it off fixes the display issue, but the app runs much slower. Is there a driver incompatibility I should know about?",Technical
TKT-00440,Search function returning zero results,"The search bar at the top of the application isn't working for existing entries. I know the items exist, but the search returns nothing for any keywords I type. It seems like the index might be out of date.",Technical
TKT-00441,High CPU usage by background process,"One of the background tasks associated with your software is consistently consuming 90% of my CPU, causing my computer to overheat. This happens even when the main app is closed. Please advise on how to mitigate this.",Technical
TKT-00442,Upload fails for large files,"I am trying to upload a file that is about 50MB, but the upload progress bar stops at 99% and then errors out. Smaller files upload just fine without any trouble. Is there a limit I am hitting that I should be aware of?",Technical
TKT-00443,Application crashing on startup,"Every time I try to launch the desktop application, it closes immediately after the splash screen appears. I have already tried reinstalling the software twice, but the issue persists. Could you please help me troubleshoot this?",Technical
TKT-00444,API returning 500 error,Our production environment is currently receiving a 500 internal server error whenever we attempt a POST request to the user endpoint. This started happening about an hour ago without any changes to our codebase. Please investigate the server-side logs immediately.,Technical
TKT-00445,Database connection timeout,"I am getting intermittent timeouts when trying to connect to the cloud database instance from my local machine. The latency seems to spike during peak hours, causing our integration tests to fail. Is there a known issue with the current infrastructure?",Technical
TKT-00446,Unable to export report to PDF,"I keep getting an 'unexpected error' message when I click the button to export my monthly analytics report as a PDF. It works fine when I export to CSV, but the PDF option is completely broken. How can I fix this?",Technical
TKT-00447,Single Sign-On authentication failing,Our employees are reporting that the SSO login redirect is stuck on a white screen after entering credentials. This is preventing everyone from accessing the platform today. Please let me know what information you need to diagnose this authentication loop.,Technical
TKT-00448,CSS layout breaking on mobile devices,"The navigation menu overlaps with the header content when viewed on smaller screen sizes. It works perfectly on desktop resolutions, but the responsive breakpoints seem to be misconfigured. Can you point me to the stylesheet responsible for this view?",Technical
TKT-00449,Failed to sync local data,"The desktop client is no longer syncing my local changes to the cloud repository. I see a warning icon next to the sync button, but clicking it provides no error details. Everything was working fine until the update yesterday.",Technical
TKT-00450,Webhook payload structure mismatch,"We are receiving unexpected field names in the webhook payloads compared to your current API documentation. It looks like the schema has changed without notice, breaking our downstream processing scripts. Could you confirm if there was a recent schema migration?",Technical
TKT-00451,Slow performance in admin dashboard,The admin dashboard takes over thirty seconds to load simple lists of users. It seems like the queries being executed are missing proper indexes on the backend. This is significantly slowing down our daily administrative tasks.,Technical
TKT-00452,Installation failed on Windows 11,"I am trying to run the installer, but the process hangs at 99 percent and eventually rolls back all changes. I have checked my permissions, and I am logged in as an administrator. Are there any known compatibility issues with the latest OS update?",Technical
TKT-00453,Broken link in developer portal,The documentation link for the authentication header in your developer portal leads to a 404 page. I really need to reference those specs to finish my current integration. Could you please update the link or send me the correct path?,Technical
TKT-00454,Unexpected logout after inactivity,"My session expires after only five minutes of inactivity, which is extremely disruptive to my workflow. I need to keep the session active for at least an hour while I perform data entry. Is there a setting I can change to adjust the timeout duration?",Technical
TKT-00455,Incorrect character encoding in export,"When I download the data export, all special characters and accented letters are displaying as mangled symbols. It looks like a UTF-8 encoding issue on your server-side generation. Please advise on how to resolve this formatting problem.",Technical
TKT-00456,System clock sync error,The logs in the console are showing timestamps that are three hours behind the actual time. This is causing significant issues with our audit trails and debugging efforts. Can you please sync the server time with UTC?,Technical
TKT-00457,Unable to upload large files,"Any file larger than 10MB fails to upload with a generic network error message. My connection is stable, so I suspect there is a restrictive file size limit on your backend gateway. Can this limit be increased for my organization?",Technical
TKT-00458,Missing permission in API scope,"I am trying to fetch analytics data via the API, but I keep getting a 403 Forbidden error despite having the admin scope enabled. It seems like my key isn't being granted the required permissions properly. Please verify if my account has the correct access level.",Technical
TKT-00459,Search function returns no results,Using the search bar on the main page returns zero results even when searching for terms I know exist. It seems like the indexing service might be down or outdated. When was the last time the search index was rebuilt?,Technical
TKT-00460,Memory leak in browser extension,I have noticed that your browser extension consumes over 2GB of RAM after just an hour of browsing. It eventually makes my whole system unresponsive and forces me to restart Chrome. This is clearly a memory leak that needs to be addressed.,Technical
TKT-00461,JavaScript error on checkout page,"There is an uncaught reference error appearing in the browser console when I reach the final payment step. It prevents the 'Submit' button from firing, so I cannot complete any orders. This is a critical blocker for our site right now.",Technical
TKT-00462,Cron job failing silently,"Our scheduled nightly backup task has not triggered for three days, yet we receive no error notifications. I checked the crontab entries, and everything appears to be configured correctly. Could there be a problem with the task runner service?",Technical
TKT-00463,Application crashes during login,"Every time I try to sign into the desktop app, it freezes on the loading screen and then just closes completely. I have already tried reinstalling the software, but the issue persists. Could you please check if there is a bug with the current version?",Technical
TKT-00464,API returning 500 internal server error,"I am receiving intermittent 500 errors when making GET requests to the user profile endpoint. This has been happening for the last two hours, preventing my application from fetching data. Is there a known outage or a rate limiting issue on your backend?",Technical
TKT-00465,Unable to export data to CSV,"The export button is greyed out even though I have selected a date range. I am using the latest version of Chrome, and I've already cleared my browser cache. This is preventing me from generating my monthly reports.",Technical
TKT-00466,Sync issue between mobile and desktop,Changes made on the mobile app are not reflecting on the web interface. I have verified that I am logged into the same account on both devices. How can I force a sync to make sure my data is up to date?,Technical
TKT-00467,Authentication token expired error,"I keep getting an 'authentication token expired' message immediately after logging in. I tried resetting my password, but that didn't help. Could you refresh my session on your end?",Technical
TKT-00468,Webhook payload structure mismatch,"The documentation states that the webhook payload should include a timestamp field, but I am not seeing it in the delivered JSON. Has there been a schema change that hasn't been updated in the docs yet? Please clarify how I should parse these responses.",Technical
TKT-00469,CSS rendering broken on dashboard,"The sidebar on the dashboard is overlapping with the main content window, making it impossible to click any buttons. This started happening after the update earlier today. It looks like a stylesheet didn't load correctly.",Technical
TKT-00470,Database connection timeout in script,My automated script keeps timing out when trying to connect to the database. I've confirmed the credentials are correct and I am connecting from the whitelisted IP. Is the server currently under heavy load?,Technical
TKT-00471,Password reset link not arriving,"I requested a password reset three times now, but I never received an email with the link. I have checked my spam folder, and it is definitely not there. Is there a delay in your mail delivery system?",Technical
TKT-00472,Unexpected logout during active sessions,"The system logs me out automatically every five minutes, which is extremely frustrating while I am in the middle of editing a configuration. I have checked my browser settings and cookies are enabled. Is there a session timeout policy I am unaware of?",Technical
TKT-00473,Image upload failing with error 413,"I am trying to upload a logo image that is only 2MB, but the server returns a 413 Request Entity Too Large error. Is there a hidden file size limit I should be aware of? Please let me know how to fix this.",Technical
TKT-00474,Search functionality returning empty results,The search bar is returning zero results even when I search for terms I know exist in the database. It seems like the indexing service might be stuck. Can you please check the status of the search cluster?,Technical
TKT-00475,Integration with external service broken,Our integration with the third-party payment gateway is no longer sending success callbacks. I checked our side of the integration and everything seems fine. Are you having any known issues with that provider today?,Technical
TKT-00476,Dashboard graphs failing to load,"All the charts on the statistics page show 'failed to load' icons instead of data. I suspect a JavaScript error is occurring, but I'm not sure which one. Please look into this as soon as possible.",Technical
TKT-00477,Multi-factor authentication code not sending,"I am stuck at the MFA screen because the verification code never arrives on my device. I have tried waiting for several minutes, but nothing happens. How can I bypass this or get a new code?",Technical
TKT-00478,CLI tool command not found,"I installed the CLI tool via npm, but the terminal says 'command not found' when I try to run it. I've checked my PATH variable and the installation directory exists. Any advice on how to fix the symbolic link?",Technical
TKT-00479,Slow query performance on reports,"Generating the audit report used to take five seconds, but now it times out after a minute. It seems like the query is not using the index properly. Could you optimize the backend performance?",Technical
TKT-00480,Button click event not firing,The 'Submit' button on the settings form does not react when clicked. I checked the browser console and it shows a 'TypeError: Cannot read property of undefined' error. This seems like a coding error on the front end.,Technical
TKT-00481,Cannot enable dark mode,"Every time I switch to dark mode in the preferences, the page refreshes and reverts to light mode. It seems like the preference isn't being saved to the database. Could you please investigate?",Technical
TKT-00482,Duplicate records being created,"Whenever I click save, the application creates two identical records in the database instead of one. It seems like there might be an issue with how the form handles double-clicks. Please help me resolve this data integrity issue.",Technical
TKT-00483,Application crashing on startup,"Every time I try to launch the desktop application, it immediately crashes to the desktop. I have already tried reinstalling the software twice, but the error persists. Could you please let me know if there are any specific logs I should send over for troubleshooting?",Technical
TKT-00484,API timeout errors during batch processing,"I am experiencing intermittent 504 Gateway Timeout errors when making large batch API calls. My current implementation respects the rate limits, yet the latency is still unacceptable. Is there a way to increase the request timeout window on your end?",Technical
TKT-00485,Unable to save user profile changes,"I've been trying to update my profile picture for the last hour. Whenever I click the save button, the page just hangs and nothing happens. I've cleared my browser cache and tried using a different browser, but no luck.",Technical
TKT-00486,Database connection refused in staging,Our staging environment is suddenly failing to connect to the database. It seems like the connection string might have changed or there is a firewall rule blocking the port. Please investigate why the handshake is failing.,Technical
TKT-00487,Export functionality stuck at zero percent,"The report export feature seems to be broken. Every time I trigger a CSV download, the progress bar remains at zero percent indefinitely. I am using the latest version of Chrome, is there a known issue with this?",Technical
TKT-00488,CSS layout breaking on mobile devices,The navigation menu overlaps the main content area when viewed on mobile screens. It looks like the media queries are not triggering correctly for smaller viewports. Could you please have your frontend team take a look at the stylesheet?,Technical
TKT-00489,Sync issues with cloud storage integration,My local files are not syncing to the cloud drive automatically. I have checked my network settings and the application status shows as connected. How can I force a manual sync or debug the background worker?,Technical
TKT-00490,Webhook payload delivery failure,We are not receiving the expected webhook events for account creation. We verified that our endpoint is publicly reachable and returning a 200 OK status for other requests. Are these events currently delayed or failing on your servers?,Technical
TKT-00491,Authentication token expired unexpectedly,My session is being terminated every five minutes even though I have set the refresh token duration to eight hours. It is incredibly frustrating to have to log back in repeatedly throughout the workday. Please fix this authentication bug.,Technical
TKT-00492,Dashboard widgets not loading data,"All the charts on my dashboard are displaying 'No Data Available' today. Yesterday everything was working perfectly, and I haven't changed any of my filter settings. Could there be a backend service outage affecting data aggregation?",Technical
TKT-00493,Slow performance during high traffic,"The system response time increases significantly during our peak business hours. Pages are taking over ten seconds to load, which is impacting our productivity. Is there an issue with your load balancer or server capacity?",Technical
TKT-00494,Malformed JSON returned by search endpoint,I am getting a syntax error when parsing the response from the search API. It appears that the payload is being truncated midway through the results array. Could you check if there is a buffer overflow or encoding issue?,Technical
TKT-00495,Plugin conflict prevents system boot,"After installing the latest software update, the system fails to initialize due to a plugin conflict. I am stuck on a white screen and cannot access the admin panel to disable the offending plugin. How can I enter safe mode to recover?",Technical
TKT-00496,Integration import failed for large file,Attempted to import a data file of 500MB and the system threw a memory exception. I expected the import to handle large files in chunks. Please advise on the maximum file size limit or if there is a streaming option available.,Technical
TKT-00497,Invalid signature error on OAuth,I keep getting an 'Invalid Signature' error when trying to complete the OAuth flow. I have double-checked my client secret and the request headers. Is it possible the hashing algorithm on your server has been updated?,Technical
TKT-00498,Search index not updating for new entries,Newly added records are not appearing in the search results even after 24 hours. It seems the indexing job is failing to run on schedule. Can you verify the status of the background search indexer?,Technical
TKT-00499,Permission denied for read-only user,A user with read-only access is somehow able to modify database records through the API. This is a critical security vulnerability that needs immediate attention. Please let me know when this access control bug is patched.,Technical
TKT-00500,Screen flickering during software operation,"When using the software in full-screen mode, the UI elements flicker constantly. I've updated my GPU drivers and tried disabling hardware acceleration, but the issue persists. Do you have any specific display settings I should use?",Technical
TKT-00501,Email notifications missing images,"The automated emails sent by your system have broken image links. It looks like the file paths are relative instead of absolute, preventing them from loading in the email client. Can you please update the email templates?",Technical
TKT-00502,Failed to install secondary dependencies,The installer stops halfway through because it cannot reach the repository for secondary dependencies. I suspect the URL in the config file might be pointing to a deprecated server. Can I manually download these files and place them in the directory?,Technical
TKT-00503,Application crashing on startup,"Every time I try to launch the desktop application, it immediately freezes and then closes. I have tried restarting my computer and reinstalling the software, but the issue persists. Could you please help me troubleshoot this?",Technical
TKT-00504,API authentication failing with 401 error,"I am receiving a 401 Unauthorized error when attempting to call the user profile endpoint. My credentials are correct, and I have regenerated my token twice. Is there a known outage or a change in the authentication headers?",Technical
TKT-00505,Login page loops back to sign in,"When I enter my credentials, the page refreshes and returns me to the login screen instead of entering the dashboard. I have cleared my browser cache and tried using a different browser, but nothing changes. Please advise on how to resolve this.",Technical
TKT-00506,Sync failure between mobile and web,My data is not updating across my devices. The changes I make on my laptop are not showing up on the mobile app. I have verified that both devices are connected to the same account.,Technical
TKT-00507,Database query timeout error,"I am attempting to run a custom report, but it times out after exactly 30 seconds every time. The dataset isn't particularly large, so I suspect something is wrong with the query optimization on your end. Can you look into the server logs for my account?",Technical
TKT-00508,Unable to export data to CSV,"The export button appears to be unresponsive. When I click it, nothing happens and there is no file download initiated. I am using the latest version of Chrome on Windows 10.",Technical
TKT-00509,Webhook endpoints not receiving payloads,We noticed that our configured webhook endpoints are not receiving any event notifications for the past hour. We checked our server firewall and there are no blocks. Are your webhook servers experiencing any latency or downtime?,Technical
TKT-00510,Page layout broken after update,"Since the update this morning, the navigation bar is overlapping with the main content area. It makes the site completely unusable on mobile resolutions. Please fix this UI bug as soon as possible.",Technical
TKT-00511,Excessive memory usage,The background process is consuming over 4GB of RAM even when the software is idle. This is causing my whole system to lag significantly. Is there a memory leak in the latest patch?,Technical
TKT-00512,Single Sign-On integration error,Our employees are reporting an error message during the SAML assertion phase of our SSO login. It seems to be related to a signature validation failure. We have not changed our metadata settings recently.,Technical
TKT-00513,Installation hanging at 99 percent,"The installer stops responding at 99 percent every single time I try to run it. I have disabled my antivirus software as suggested in the documentation, but it didn't help. Is there a log file I can send you to debug this?",Technical
TKT-00514,Two-factor authentication code never arrives,I am trying to log in but I am not receiving the 2FA code in my text messages. I have checked my carrier settings and everything seems fine on my end. Can you bypass this or help me get the code sent?,Technical
TKT-00515,Plugin conflict detected,"After installing your latest extension, my browser hangs for several seconds upon opening any new tab. I disabled all other extensions to isolate the problem, and it is definitely caused by your tool. How can we resolve this conflict?",Technical
TKT-00516,Slow upload speeds,"Uploading files to your cloud storage is taking an unusually long time today. Usually, a 50MB file takes seconds, but it has been stuck at 10 percent for ten minutes. Is there a problem with the file storage servers?",Technical
TKT-00517,Missing permission settings,"I am an administrator, but the settings panel for user permissions is completely empty for me. I need to grant access to a new team member urgently. Can you check if my account permissions were accidentally downgraded?",Technical
TKT-00518,Invalid character in file export,"Every time I export my data, special characters in the text fields are replaced by garbled symbols. It seems like an encoding issue with the CSV output. Can you ensure it is encoded in UTF-8?",Technical
TKT-00519,Keyboard shortcuts not working,"None of the standard hotkeys seem to work within the editor window anymore. I have checked my settings and they are enabled, but pressing them does nothing. Is this a known bug in the current release?",Technical
TKT-00520,Cloud backup failing,My automated cloud backups are failing with a generic connection error. I have checked my internet connection and it is perfectly stable. Could there be a server-side restriction on my account?,Technical
TKT-00521,Unexpected logouts,I keep getting logged out of my session every five minutes while I am actively working. It is extremely disruptive to have to re-enter my credentials constantly. Is there a setting I missed regarding session timeouts?,Technical
TKT-00522,Inconsistent chart rendering,"The data visualization charts are displaying correctly in Firefox, but they show up as blank squares in Safari. It seems to be a CSS rendering issue on your site. Please investigate this cross-browser incompatibility.",Technical
TKT-00523,Application crashing on startup after recent update,"Every time I try to launch the app, it freezes on the splash screen and then shuts down completely. I have already tried clearing the cache and restarting my device, but the problem persists. Could you please let me know if there is a patch available or a workaround I can try?",Technical
TKT-00524,API returning 500 error on POST requests,I am getting intermittent 500 internal server errors when sending POST requests to the user endpoint. The headers and payload appear to be formatted correctly according to the documentation. Is there an issue with the staging environment at the moment?,Technical
TKT-00525,Syncing issue between mobile and desktop,My data isn't updating on my laptop even though the mobile app shows everything is current. I've tried logging out and back in on both devices without any luck. How can I force a manual sync to pull the latest changes?,Technical
TKT-00526,Dashboard widgets not loading data,The main dashboard is showing loading icons indefinitely for all the performance charts. I checked my internet connection and other sites are working fine. Is the backend service down for maintenance?,Technical
TKT-00527,User authentication failing with incorrect token error,I keep getting an invalid token error when trying to access the API even after generating a fresh one from the settings page. I have double-checked the authentication header and it seems correct. Could my account permissions have been restricted?,Technical
TKT-00528,Export functionality is throwing a memory overflow,"When I try to export my report to CSV, the system hangs and eventually returns a memory error. It works fine for smaller date ranges, but it crashes on anything over two weeks. Is there a limitation on the export size that I should be aware of?",Technical
TKT-00529,Embedded video player flickering in browser,"The video player on your platform flickers constantly while playing in Chrome. I disabled all my extensions to see if that helped, but the issue is still there. Does your player have known compatibility issues with the latest browser version?",Technical
TKT-00530,Database connection timeout in dev environment,We are seeing frequent database connection timeouts when running our automated test suite. It seems like the connection pool is being exhausted too quickly. Can we increase the maximum connections allowed for our sandbox account?,Technical
TKT-00531,Configuration changes are not saving,"I updated my profile settings and clicked save, but the changes revert as soon as I refresh the page. The system shows a success notification, yet the data in the database remains unchanged. Am I missing a step?",Technical
TKT-00532,Latency issues with file uploads,"Uploading files to the cloud storage is taking significantly longer than usual today. My connection speed is 500Mbps, yet the transfer rate is barely hitting 100kbps. Is there any traffic throttling happening on your servers?",Technical
TKT-00533,CSS layout breaking on mobile browsers,The navigation menu overlaps with the main content area on smaller screen sizes. It looks like the media queries aren't triggering properly for some reason. Could you take a look at the responsive stylesheet?,Technical
TKT-00534,Webhook delivery failure logs,We are receiving delivery failures for all webhooks sent to our listener endpoint. Our logs show that your server is returning a 403 Forbidden response. Could you check if our outgoing IP has been accidentally blacklisted?,Technical
TKT-00535,Permission denied when accessing shared folders,"I have been granted read-write access to the team folder, but the system still says permission denied when I try to open a file. I have already tried refreshing my credentials, but that did not fix it. Who can verify my security settings?",Technical
TKT-00536,Unable to verify SSL certificate,My application is throwing an SSL verification error when connecting to your service endpoint. It seems like the intermediate certificate might be missing in your response chain. Can you confirm if your certificates were updated recently?,Technical
TKT-00537,High CPU usage during idle state,The desktop client is consuming almost 40% of my CPU even when it is minimized and not doing anything. This is causing my fans to run constantly and draining my battery. Is there a background process that I can disable?,Technical
TKT-00538,Integration not reflecting data changes,The third-party integration we enabled is not pulling the latest records from our account. We checked the sync status and it says last updated yesterday. Is there a way to trigger a manual delta sync?,Technical
TKT-00539,Plugin conflict detected in IDE,I am seeing a stack trace error in the console every time I open a new project while your plugin is enabled. It seems to be conflicting with the latest version of the IDE. Will there be an update to address this compatibility issue?,Technical
TKT-00540,System logs show repeated NullPointerExceptions,We are seeing a high volume of NullPointerExceptions in our logs during peak traffic hours. It seems to happen specifically when users submit the checkout form. Could you help us identify which specific input field is triggering this?,Technical
TKT-00541,Slow page load times on specific views,The report page takes over 30 seconds to render while the rest of the application is quite snappy. I suspect there might be an unoptimized query running in the background for that view. Can you assist in troubleshooting this performance bottleneck?,Technical
TKT-00542,Two-factor authentication not sending codes,I am trying to log in but I am not receiving the SMS code required for 2FA. I have requested the code multiple times over the last hour. Is the SMS gateway experiencing an outage?,Technical
TKT-00543,API returning 500 errors on POST requests,I am consistently receiving a 500 internal server error when attempting to push data to the endpoint. It was working perfectly yesterday morning but stopped suddenly around noon. Please advise if there is an ongoing service outage.,Technical
TKT-00544,Application keeps crashing on startup,"Every time I try to open the software, it closes immediately after the splash screen appears. I have already tried reinstalling it twice, but the issue persists. My operating system is fully updated.",Technical
TKT-00545,Stuck in infinite login loop,"After entering my credentials and passing the two-factor authentication, the page just refreshes back to the sign-in screen. I have cleared my browser cache and tried using an incognito window without success. This is preventing me from getting any work done today.",Technical
TKT-00546,Cannot export reports to PDF format,"The export button for my monthly reports seems to be unresponsive. When I click it, nothing happens and no error message is displayed. Can you check if there is a bug with the export module?",Technical
TKT-00547,Database connection timeout issues,My application is reporting frequent connection timeouts when trying to query the database. I checked my local configuration and everything looks correct on my end. Is there an issue with your database cluster capacity?,Technical
TKT-00548,Missing dashboard widgets,"Half of the widgets on my main dashboard disappeared this morning. I tried resetting the layout in the settings, but they didn't come back. Could you please look into my account settings?",Technical
TKT-00549,Slow response time on web platform,"The entire web platform has been extremely sluggish for the past few hours. Every click takes nearly ten seconds to load, making it impossible to navigate effectively. Are there any known performance issues affecting the server today?",Technical
TKT-00550,User permission sync error,"I recently updated the role permissions for my team, but the changes aren't reflecting for the users. They are still seeing the old menu options despite logging out and back in. Please help me synchronize these permissions.",Technical
TKT-00551,Webhook delivery failure,My system is not receiving the webhooks as expected. I checked the logs and I am getting a 403 Forbidden response from your gateway. Has something changed in the authentication requirements for webhooks recently?,Technical
TKT-00552,Integration failing after platform update,The integration between your service and my internal tool stopped working immediately after the latest platform update last night. I am seeing an incompatibility error in the API response headers. Please let me know what changes were made.,Technical
TKT-00553,Keyboard shortcuts are not working,"I rely on keyboard shortcuts for my daily workflow, but they seem to be broken in the latest version of the web app. None of the standard hotkeys trigger any actions anymore. Is this a known regression?",Technical
TKT-00554,Unable to upload CSV files,"I am trying to upload a standard CSV file for data import, but the system rejects it as an invalid file type. I have double-checked the format and it meets all the requirements listed in the documentation. Could you take a look?",Technical
TKT-00555,Incorrect time zone displaying in reports,"Even though I have my profile settings configured to my local time zone, all the generated reports are showing times in UTC. This makes it very difficult to track events accurately. Is there a global setting I am missing?",Technical
TKT-00556,Unexpected session timeout,I am getting logged out every ten minutes even when I am actively working on the page. It is incredibly disruptive to my productivity. Please adjust the session timeout duration if possible.,Technical
TKT-00557,Search function returns no results,The internal search bar isn't returning results for keywords that I know definitely exist in our documents. It just displays a blank screen with no results found. Could there be an issue with the search index?,Technical
TKT-00558,CSS layout breaking on mobile browser,"When viewing the dashboard on my mobile device, the elements are overlapping and the text is unreadable. It looks like the responsive CSS is not firing correctly. Can you verify if the mobile view has been tested?",Technical
TKT-00559,Authentication token expired prematurely,"I am repeatedly getting an error that my authentication token is expired, even though I just generated a new one. It seems like the system is invalidating them almost instantly. Please investigate the token generation process.",Technical
TKT-00560,Batch processing stuck in queue,"I submitted a large batch job for processing three hours ago and it is still showing as queued. Usually, this finishes within twenty minutes. Is there a backlog in the processing queue right now?",Technical
TKT-00561,Email notifications not triggering,My team is not receiving the automated email alerts that are supposed to fire when a task is completed. We have checked our spam filters and they aren't being caught there either. Please check if the email server is functioning correctly.,Technical
TKT-00562,White screen on login page,"When I try to navigate to the sign-in page, I just get a blank white screen. I have tried multiple browsers and the result is the same. I suspect there might be a JavaScript error preventing the page from rendering.",Technical
TKT-00563,API returning 500 internal server error,I am consistently receiving a 500 error when attempting to hit the user authentication endpoint. This started happening shortly after the latest system patch was deployed. Could you please check the logs and let me know if there is an issue with the service?,Technical
TKT-00564,Application crashes on startup,"Every time I try to open the desktop app, it freezes on the splash screen and then closes immediately. I have already tried reinstalling the software but that did not change anything. Please help as I need to get my work done.",Technical
TKT-00565,Database connection timeout issues,"Our backend services are experiencing intermittent database timeouts throughout the day. It seems to correlate with peak traffic hours, suggesting a potential bottleneck in the connection pool configuration. Could you provide some insight into the current resource allocation?",Technical
TKT-00566,Login page not loading styles,"The login page is showing up as raw text without any formatting. I cleared my browser cache and tried different browsers, but the issue persists. Is there a problem with the static assets server?",Technical
TKT-00567,Webhook delivery failures,Our webhooks have stopped triggering for event updates. I checked our integration logs and we are seeing a connection refused message. Can you verify if our outgoing traffic is being blocked by your firewall?,Technical
TKT-00568,Slow upload speeds for large files,"Uploading files larger than 100MB takes nearly an hour, even on a high-speed fiber connection. Is there a bandwidth limit on your servers that I should be aware of? This is significantly impacting our project timeline.",Technical
TKT-00569,Error syncing data across devices,"My data changes on the mobile app are not reflecting on the web dashboard. I have logged out and back in multiple times, but the sync status remains stuck. Please look into why the background synchronization service is failing.",Technical
TKT-00570,Unexpected session expiration,I keep getting logged out every five minutes while working on the platform. It is very frustrating because I lose all my unsaved progress. Can you adjust the idle timeout settings for my user role?,Technical
TKT-00571,Script execution limit exceeded,I am trying to run a bulk export script but it hits the max execution time before completing. Is there a way to run this in the background or extend the limit? Any guidance on optimizing this process would be appreciated.,Technical
TKT-00572,Unable to export report to PDF,"Whenever I click the export to PDF button, the page refreshes and nothing happens. I do not see any console errors, but the file never downloads. Please assist me with generating this report.",Technical
TKT-00573,Missing permissions for admin console,I am an account administrator but the system says I do not have access to the dashboard settings. I used to be able to modify these options without any trouble yesterday. Did something change in the permission hierarchy?,Technical
TKT-00574,Integration with third-party software broken,The connector between your platform and my project management tool stopped working this morning. I checked the integration settings and everything looks correct on my end. It seems like the handshake is failing during the authentication step.,Technical
TKT-00575,High memory usage in production environment,The service is consuming nearly 90% of available RAM after being up for only a few hours. We suspect a memory leak in the latest version of the container image. Can you help us debug this or roll back to the previous stable release?,Technical
TKT-00576,SSL certificate warning appearing,My browser is warning me that your connection is not secure due to an invalid certificate. It says the certificate expired yesterday. Is this something you are currently working on fixing?,Technical
TKT-00577,Blank screen after logging in,"I enter my credentials and the screen just goes white. I have tried disabling all my browser extensions, but that did not fix it. What could be causing this display issue?",Technical
TKT-00578,Search index not updating,I added several new entries today but they do not show up when I use the search bar. It seems like the search index is not refreshing properly. How long does it usually take for new data to become searchable?,Technical
TKT-00579,SSH access denied on server,"I am suddenly getting an access denied error when trying to SSH into the development server. My keys have not been changed, and I am still able to access other machines. Did the server configuration change recently?",Technical
TKT-00580,Plugin conflict causing system hang,"After installing the latest update to your extension, the whole system hangs whenever I open the editor. If I disable the extension, everything runs smoothly. Please investigate this conflict as soon as possible.",Technical
TKT-00581,OAuth callback URL not working,"I am trying to set up OAuth for our internal tool, but the callback URL is returning a 404. I have verified the path is correct and the server is reachable from the public internet. Is there a hidden requirement for the redirect URL?",Technical
TKT-00582,Bulk email sending failure,Our scheduled email campaign failed to send because of an SMTP error. I checked the logs and it seems the server is rejecting our outgoing requests. Can you check if our domain has been flagged or rate-limited?,Technical
TKT-00583,API Gateway 502 Bad Gateway Errors,I am consistently receiving 502 errors when attempting to authenticate via the API. The logs show a timeout on the secondary load balancer. Can you please check the server-side status?,Technical
TKT-00584,Application crashes on startup,"Every time I open the desktop app, it freezes on the splash screen and then closes immediately. I have already tried reinstalling, but the issue persists. My machine is running the latest operating system update.",Technical
TKT-00585,Database connection timeout in production,Our production environment is reporting frequent database connection timeouts during peak hours. The latency seems to have spiked significantly after the last patch deployment. Could you investigate if there is a bottleneck on the DB instance?,Technical
TKT-00586,Two-factor authentication code never arrives,"I have been trying to log into my account for an hour, but the SMS verification code never hits my phone. I have checked my settings and my number is correct. Please help me get back into my account.",Technical
TKT-00587,Unexpected session timeout issues,"The application keeps logging me out every five minutes, even when I am actively working. It is becoming impossible to complete my tasks without losing progress. Is there a session timeout setting that I can adjust?",Technical
TKT-00588,Broken CSS elements on dashboard,"Since the recent interface update, the layout on the dashboard is completely broken. Buttons are overlapping and half the sidebar is missing. I have tried clearing my browser cache but nothing changed.",Technical
TKT-00589,Webhook payload failing validation,We are noticing that our webhook payloads are failing validation on your end despite following the documentation perfectly. We get a 400 Bad Request error every time. Could you provide more detailed error messages or a sample payload that works?,Technical
TKT-00590,Unable to export report as PDF,"I clicked the export button for my monthly report, but nothing happens. I tried different browsers and the result is the same. Could you please check if the export service is down?",Technical
TKT-00591,High CPU usage during file sync,The desktop client is consuming nearly 90% of my CPU whenever it tries to sync files. This makes my computer almost unusable during the process. Is there a way to limit the background process priority?,Technical
TKT-00592,Integration with external service failing,Our integration with your platform stopped working yesterday. It looks like the authentication token is being rejected. Have there been any changes to the authorization flow recently?,Technical
TKT-00593,Search function returns zero results,"When I use the search bar, it returns no results even for exact matches of terms that I know exist. The indexing seems to be broken. Can you trigger a re-index for my account?",Technical
TKT-00594,Failed to upload large media files,"I am getting an unknown error when trying to upload files larger than 50MB. Small files work just fine, so I assume it is a server-side size limit. Could you increase our upload limit?",Technical
TKT-00595,System clock sync error,The system logs are showing timestamps from three hours in the past. This is causing significant issues with our scheduled jobs. Please let me know how to fix the server time synchronization.,Technical
TKT-00596,Plugin conflict after system update,"After the platform updated yesterday, my custom plugins stopped working entirely. They are now throwing 'incompatible version' errors in the console. Do I need to update my code to match the new API version?",Technical
TKT-00597,Slow page load speeds,"The admin panel is incredibly slow today, taking upwards of 30 seconds to load a single page. Everything else on the web is fast, so it is definitely your end. Please check your latency.",Technical
TKT-00598,Permission error on shared folders,"Even though I have owner permissions, I cannot delete files within the shared directory. It keeps telling me that access is denied. Can you reset the permissions on this folder?",Technical
TKT-00599,Error 404 on documentation page,I found a broken link in your documentation regarding the authentication setup. It leads to a 404 error page. Could you please fix this so I can proceed with the integration?,Technical
TKT-00600,Mobile app keeps asking for login,My phone app keeps logging me out every time I close it. It is very annoying to have to re-enter my credentials constantly. Is there a setting to keep the session alive?,Technical
TKT-00601,Batch update failing for users,"I tried to update a list of users via the bulk upload feature, but the system keeps throwing a null pointer exception. I have verified the CSV format multiple times. Is there a current issue with bulk operations?",Technical
TKT-00602,Missing data in analytics dashboard,"I noticed that the analytics data for the past two days is completely missing from the charts. The system shows that there was traffic, but it isn't appearing in the reports. Can you restore this data?",Technical
TKT-00603,API returning 500 internal server error,"I am consistently receiving a 500 error when attempting to hit the GET /v1/data endpoint. My authentication tokens are valid, and the request payload is formatted correctly. Could you please check the server logs for my recent attempts?",Technical
TKT-00604,Add Dark Mode to the desktop application,I spend hours every day working in your app and the bright white background is really starting to strain my eyes. Could you please implement a dark mode option in the settings menu? It would be a huge help for those of us working late shifts.,Feature Request
TKT-00605,Request for bulk export functionality,"Currently, I have to download my data files one by one, which is extremely tedious. Is there any way you could add a button to export all reports as a single zip file? This feature would save me hours of manual labor every week.",Feature Request
TKT-00606,Need custom reporting dashboard widgets,"The standard charts are okay, but they don't show the specific metrics my team cares about. Can we get the ability to create custom dashboard widgets? Being able to pin specific data points would make our daily standups much more efficient.",Feature Request
TKT-00607,Ability to integrate with third-party calendar apps,"I love your project management tool, but I hate manually copying deadlines into my personal calendar. It would be fantastic if you could add a sync feature for Google or Outlook calendars. It would prevent me from missing important project milestones.",Feature Request
TKT-00608,Add keyboard shortcuts for faster navigation,I'm a power user and find clicking through every menu to be quite slow. Could you introduce some configurable keyboard shortcuts for switching between tabs? It would drastically improve my workflow speed.,Feature Request
TKT-00609,Enable multi-language support for customer portal,My company is expanding internationally and we really need our client portal to support different languages. Are you planning to add a translation toggle in the near future? This is a deal-breaker for us to continue using your service for our global clients.,Feature Request
TKT-00610,Add two-factor authentication via app,I'm concerned about our account security and would love to see an option for an authenticator app for 2FA. SMS codes are often unreliable in my area. Please let me know if this is on your development roadmap.,Feature Request
TKT-00611,Implement drag and drop file uploads,The current file upload system is a bit clunky since it requires me to open a file browser every time. Can we just drag and drop files into the chat window instead? It would make sharing documents with my colleagues so much easier.,Feature Request
TKT-00612,Requesting read receipts for direct messages,"In our remote team, it is often hard to know if someone has seen a message or if they are still AFK. Could you please add read receipts for direct messages? It would help reduce unnecessary follow-up pings.",Feature Request
TKT-00613,Ability to set recurring tasks,"I have several tasks that repeat every two weeks, and manually creating them is a pain. Could you add a 'repeat task' feature that lets me set a schedule? This would keep my to-do list much more organized.",Feature Request
TKT-00614,Need more granular user permission settings,"Right now, it seems like someone is either an admin or a basic user with no middle ground. Can we have custom roles where I can define specific access levels? I want my interns to be able to view reports but not delete them.",Feature Request
TKT-00615,Add batch edit feature for contact lists,I accidentally imported my entire contact list incorrectly and now I have to fix them one by one. Can you add a bulk edit tool to change tags or categories for multiple items at once? This would save me a ton of time.,Feature Request
TKT-00616,Allow custom branding on shared links,We frequently send links to our clients and would love for our company logo to appear on the shared view. Is there any plan to allow custom branding on public share links? It would make our professional communications look much more consistent.,Feature Request
TKT-00617,In-app notifications for pending approvals,"I keep forgetting to check the queue for pending document approvals. If I could get a small red badge notification in the top right corner, I would never miss a deadline again. Is this something you can consider adding?",Feature Request
TKT-00618,Add search functionality within documents,I have thousands of files stored in your system and finding specific content is a nightmare. Can you implement a 'search inside file' feature? It would make document retrieval so much faster.,Feature Request
TKT-00619,Enable auto-save for long-form drafts,I just lost an hour of work because my browser refreshed while I was typing up a long response. Please add an auto-save feature that drafts are saved to the server as I type. This is vital for avoiding future data loss.,Feature Request
TKT-00620,Request for a read-only guest account,I have stakeholders who need to see the progress of a project but shouldn't be allowed to edit anything. Can we create a guest user who only has read access? That would be perfect for our client review process.,Feature Request
TKT-00621,Add social media sharing buttons to blog posts,"I really enjoy your platform, but I'm finding it difficult to share content directly to my professional network. Could you please integrate social media sharing buttons into the interface? It would help us promote our work much more effectively.",Feature Request
TKT-00622,Include a countdown timer for time-sensitive tasks,My team works on a lot of high-pressure assignments with strict deadlines. Could you add an optional countdown timer that displays how much time is left on a task? A visual reminder would really help keep us on track.,Feature Request
TKT-00623,Allow users to archive old projects,My workspace is getting cluttered with completed projects from years ago. Can you add an archive function so I can hide them without deleting them permanently? It would really help clean up my dashboard view.,Feature Request
TKT-00624,Dark mode option for the dashboard,I spend most of my workday looking at the dashboard and the white background is really straining my eyes. Could you please add a dark mode toggle to the settings menu? It would be a huge help for those of us working late hours.,Feature Request
TKT-00625,Requesting bulk export functionality,It is currently very tedious to export my reports one by one every single week. It would be incredibly useful if you added a bulk export feature so I can download everything in a single click. Please consider adding this to your upcoming roadmap.,Feature Request
TKT-00626,Need custom fields for user profiles,Our team needs to track specific metadata for each user but the current profile fields are too limited. Could you provide a way to add custom text or dropdown fields to the user profile page? This would help us keep our internal records organized.,Feature Request
TKT-00627,Ability to schedule automated reports,"I love the reporting tool, but having to generate them manually every Monday morning is a hassle. Can you implement a feature that allows me to schedule these to be sent to my team automatically? Having them land in our inboxes at 8 AM would be a lifesaver.",Feature Request
TKT-00628,Integration with calendar applications,Is there any plan to allow syncing our tasks with external calendar apps like Google or Outlook? It would make my life so much easier if I could see my task deadlines directly in my daily schedule. Thanks for your time.,Feature Request
TKT-00629,Request for keyboard shortcuts,I use this platform for hours every day and clicking every single action with my mouse is slowing me down. Could you introduce some basic keyboard shortcuts for navigation and common tasks? It would really improve my workflow efficiency.,Feature Request
TKT-00630,Adding team collaboration tags,We have a large team and it is getting difficult to keep track of who is working on what project. Can you add a feature where we can tag colleagues in specific tickets or comments? This would make communication much smoother for us.,Feature Request
TKT-00631,Feature request: Mobile offline mode,I frequently travel for work where internet connectivity is unreliable. I would love to be able to view and edit my documents in an offline mode that syncs once I am back online. Please let me know if this is on the horizon.,Feature Request
TKT-00632,Enable multi-language support,Our office has several employees who are more comfortable working in languages other than English. Are there any plans to localize the interface for different regions? This would make the software much more accessible for our global staff.,Feature Request
TKT-00633,Requesting undo button for changes,I accidentally deleted a project item yesterday and there was no way to restore it. Could you please implement an undo or a trash bin feature for accidental deletions? It would provide a lot of peace of mind.,Feature Request
TKT-00634,Customizable dashboard widgets,"The current dashboard layout is okay, but I would like to move things around and hide the modules I don't use. Could we get a feature to drag and drop or customize the dashboard layout? That would make the workspace feel much more personalized.",Feature Request
TKT-00635,Request for read receipts,"When I send messages to my clients through your platform, I never know if they have seen them. Could you add read receipts or status indicators for messages? It would help me track my follow-up process much better.",Feature Request
TKT-00636,Two-factor authentication improvement,Currently the security options are a bit limited. I would like to see support for app-based authenticator codes rather than just SMS. This would make our account security much more robust.,Feature Request
TKT-00637,Bulk editing for items,I have hundreds of items that need the same status updated and doing it one by one is taking forever. Can you add a checkbox system to allow for bulk updates? It would save me hours of repetitive work.,Feature Request
TKT-00638,Add a rich text editor,"The plain text editor is a bit restrictive for our team's documentation needs. Could you add options for bold, italics, headers, and bullet points? It would make our notes much easier to read.",Feature Request
TKT-00639,Requesting a guest access role,"We often need to show our progress to clients, but we do not want to give them full account permissions. Could you create a read-only guest role for external visitors? This would be very helpful for project transparency.",Feature Request
TKT-00640,Increase file upload limit,"We frequently need to share high-resolution design files with our team, but the current limit is too small. Could you please increase the file upload size? Even a slight bump would really help us out.",Feature Request
TKT-00641,Color coding for task priority,It is hard to distinguish urgent tasks from the background noise. Could you allow us to color-code tasks based on priority? A simple red/yellow/green indicator would really help with our daily planning.,Feature Request
TKT-00642,Requesting audit logs for security,"For compliance reasons, my company needs to see who edited what and when. Can you provide an audit log feature for project changes? This is a requirement for our internal security audits.",Feature Request
TKT-00643,Add search functionality for comments,I often remember a specific detail from a past conversation but I cannot find it easily. Could you add a search bar that looks through past comments and messages? That would be a huge time saver.,Feature Request
TKT-00644,Dark mode support for mobile app,"I really love using your platform, but the bright white background is straining my eyes at night. It would be amazing if you could implement a system-wide dark mode setting. Please let me know if this is on the roadmap.",Feature Request
TKT-00645,Request for bulk export functionality,"Currently, I have to download my data files one by one, which is extremely inefficient for my workflow. Could you add a feature to select multiple files and export them as a single ZIP archive? This would save me hours of repetitive work every week.",Feature Request
TKT-00646,Need custom reporting dashboards,"The standard reports are helpful, but I need to track specific KPIs that aren't currently available. Adding a drag-and-drop dashboard builder would be a game changer for our team. We really need more flexibility in how we visualize our metrics.",Feature Request
TKT-00647,Add two-factor authentication via app,I am concerned about the security of my account and would like to use an authenticator app for 2FA. SMS codes are not reliable enough for me. Can you prioritize adding support for TOTP applications?,Feature Request
TKT-00648,Integration with calendar applications,It would be super helpful if tasks created in your system could automatically sync with my external calendar. Having to manually input dates is prone to human error and I often miss deadlines. Is this integration currently in development?,Feature Request
TKT-00649,Ability to add custom tags to tasks,My team is growing and the current categorization system is too rigid for our needs. We need the ability to create our own custom tags to filter and organize our work better. Please consider adding this to your next update.,Feature Request
TKT-00650,Request for read receipts on messages,"When I send important documents to clients through your messaging portal, I have no idea if they have actually opened them. Could you add a read receipt indicator? It would help me know if I need to follow up sooner.",Feature Request
TKT-00651,Option to snooze notifications,I get way too many alerts when I'm trying to focus on deep work. Can you add a 'snooze' button so I can pause notifications for an hour or two? It would make the app much less distracting.,Feature Request
TKT-00652,Batch editing for user profiles,Managing permissions for fifty employees individually is a nightmare. Please allow us to select multiple users and update their access levels at once. This would significantly reduce the time our admin team spends on maintenance.,Feature Request
TKT-00653,Support for markdown in comments,"I find it very hard to format my comments without support for simple markdown like bold, italics, or code blocks. Writing technical documentation inside the system is currently quite frustrating. Please add this simple feature.",Feature Request
TKT-00654,Request for custom domain mapping,We are looking to white-label our client portal and would love to map it to our own custom domain. Is this something your current architecture supports or plans to support soon? We'd love to make this look more professional.,Feature Request
TKT-00655,Add undo button for deletions,I accidentally deleted a project yesterday and there was no way to recover it. It would be great to have an undo feature or at least a trash bin folder. Please save me from my own clumsy fingers.,Feature Request
TKT-00656,In-app image annotation tools,"When reporting bugs, it takes forever to take a screenshot, open an editor, draw an arrow, and save it. Could you build an annotation tool directly into the reporting form? That would speed up our feedback process immensely.",Feature Request
TKT-00657,Request for keyboard shortcuts,I'm a power user and rely heavily on hotkeys to navigate software quickly. The lack of keyboard support makes the current interface feel slow. Please publish a list of supported shortcuts or add custom key mapping.,Feature Request
TKT-00658,Option to archive rather than delete,"I don't always want to permanently remove old records, but they are cluttering my main view. An 'archive' function that hides items from the active list would be perfect. This would help us keep things tidy without losing history.",Feature Request
TKT-00659,Add guest access permissions,We want to invite external contractors to specific project boards without giving them full access to our database. Could you implement a 'read-only' or 'guest' role? It's essential for our security compliance.,Feature Request
TKT-00660,Language localization for regional teams,Our branch office in Tokyo is struggling because the interface is only in English. Do you have plans to add support for other languages like Japanese? It would really help with adoption across our global teams.,Feature Request
TKT-00661,Request for a recurring task feature,"Some of our administrative tasks happen every single week, and I'm tired of creating them manually. Can you add a feature that automatically generates a new task based on a schedule? It would be a huge time saver.",Feature Request
TKT-00662,Advanced search filtering options,"Searching for files currently returns too many irrelevant results. Could you add filters for date ranges, file types, and owner? This would make finding specific documentation so much faster.",Feature Request
TKT-00663,Dashboard color customization,"I find the default color palette a bit dull and hard to distinguish at a glance. It would be awesome if we could choose our own color themes for the main dashboard. It's a small change, but it would really brighten up the interface.",Feature Request
TKT-00664,Add Dark Mode support to the desktop application,I spend hours every day working in your app and the bright white interface is really straining my eyes. It would be amazing if you could implement a dark mode option in the settings. This would make my workflow much more comfortable during late hours.,Feature Request
TKT-00665,Feature request: CSV export for transaction history,"I really need a way to export my transaction history into a CSV file so I can manage my budget in Excel. Currently, I have to copy and paste everything manually which is incredibly time-consuming and prone to errors. Please add an export button to the activity tab.",Feature Request
TKT-00666,Requesting two-factor authentication via app,"I love the platform, but I am very concerned about security. Can you add an option for two-factor authentication using authenticator apps instead of just SMS? It would give me much better peace of mind regarding my account safety.",Feature Request
TKT-00667,Need bulk delete option for messages,My inbox is completely cluttered with old notifications that I no longer need. Clicking each one individually to delete it takes forever. Could you please add a select-all feature or a bulk delete button?,Feature Request
TKT-00668,Please allow custom folder categories,I have so many files saved on my dashboard that it has become impossible to find anything quickly. Being able to create custom folders to organize these files would be a huge productivity boost. Is this something your team is planning to work on soon?,Feature Request
TKT-00669,Include keyboard shortcuts for navigation,I am a power user and find myself constantly reaching for the mouse to navigate between menus. Implementing keyboard shortcuts would significantly speed up my daily tasks. Even a small set of basic commands would be greatly appreciated.,Feature Request
TKT-00670,Integration request for calendar apps,It would be super helpful if the tasks I create here could automatically sync with my external calendar. Having to manually enter deadlines in two places is leading to scheduling conflicts. Do you have any plans to support calendar integrations in the near future?,Feature Request
TKT-00671,Customizable dashboard widgets,"The current dashboard layout is okay, but I wish I could rearrange the widgets based on what I prioritize. Some users might want the analytics at the top, while I prefer the recent activity feed. Making the dashboard modular would satisfy everyone.",Feature Request
TKT-00672,Add collaborative editing for documents,"My team and I are trying to use your platform for shared projects, but we keep overwriting each other's changes. It would be fantastic if we could edit documents simultaneously in real-time. This feature would make your tool much more viable for enterprise teams.",Feature Request
TKT-00673,Option to snooze notifications,The constant pings while I am in deep focus mode are distracting. Can you add a simple snooze button that mutes notifications for an hour or two? It would make the app much less intrusive during the workday.,Feature Request
TKT-00674,Request for advanced search filters,"Searching for specific items is getting difficult as my database grows. It would be great to have filters for date range, category, and priority level. Currently, the search bar just returns way too many unrelated results.",Feature Request
TKT-00675,Please add undo button for deletions,"I accidentally deleted a project that took me days to set up because I clicked the wrong button. There is no confirmation prompt, and now the data is gone forever. Can you please add an undo feature or a trash bin to recover deleted items?",Feature Request
TKT-00676,Need multi-language support in the interface,My international team members are struggling to use the software because it is only available in English. Would it be possible to add language selection options for the UI? This would make the platform much more accessible for our global employees.,Feature Request
TKT-00677,Requesting a read-only guest access role,"I want to share my progress with my clients, but I don't want them to have editing permissions. Is there a way to create a read-only guest link? This would allow me to show off my work without worrying about accidental changes.",Feature Request
TKT-00678,Feature request: image compression for uploads,"When I upload high-res images to the project boards, the page load time increases significantly. Could you implement an automatic compression tool for uploads? It would keep the application running smoothly even when we are sharing large assets.",Feature Request
TKT-00679,Offline mode request,"I often travel for work and have unstable internet access, which makes the app unusable for long stretches. Could you develop an offline mode that allows me to keep working and syncs once the connection is restored? That would be a game changer for me.",Feature Request
TKT-00680,Allow custom branding for shared reports,"I really like the reports generated by your system, but I need to show them to clients. It looks unprofessional when they have your logo instead of mine. Could we get a feature to upload our own company branding on shared exports?",Feature Request
TKT-00681,Wishlist: audio transcription for voice notes,"I use the voice memo feature frequently, but it is annoying that I have to listen to the whole thing to find specific details. If the system could automatically transcribe these notes into text, it would save me so much time. Is this in your roadmap?",Feature Request
TKT-00682,Request for monthly billing cycle,I am currently on the annual plan but would prefer to switch to monthly payments for better cash flow management. I do not see an option to change this in my account settings. Could you update my billing preference or add that as a feature?,Feature Request
TKT-00683,Add color-coding for priority items,"It is hard to distinguish urgent tasks from low-priority ones at a glance. If we could assign custom colors to different task levels, the list view would be so much easier to scan. This seems like a simple UI change that would provide high value.",Feature Request
TKT-00684,Dark mode support for desktop dashboard,"I really love using your platform, but the bright white background is killing my eyes during late-night sessions. Could you please consider adding a dark mode toggle to the settings menu? It would make the interface much more comfortable for long-term use.",Feature Request
TKT-00685,Bulk export functionality for report history,It currently takes me forever to download my monthly reports one by one. Would it be possible to add a feature that allows me to select multiple reports and export them as a single zip file? This would save me a significant amount of administrative time each week.,Feature Request
TKT-00686,Keyboard shortcuts for faster navigation,I am a power user and find myself clicking the same menu items repeatedly. Adding standard keyboard shortcuts would drastically improve my workflow efficiency. I would love to see a list of customizable hotkeys implemented soon.,Feature Request
TKT-00687,Two-factor authentication using authenticator apps,I am concerned about the security of my account and would like to move beyond SMS-based authentication. Could you please add support for standard TOTP authenticator apps? This is a standard security feature that I feel is currently missing.,Feature Request
TKT-00688,Ability to share folders with read-only access,"Currently, I can only give team members full edit access to my folders. It would be extremely helpful if there were a read-only permission level. This way I can share files without worrying about accidental deletions or changes.",Feature Request
TKT-00689,Integration with external calendar applications,Can you please add an option to sync my tasks with Google Calendar or Outlook? I rely heavily on my calendar to manage my daily schedule. Having my due dates show up automatically would prevent me from missing important deadlines.,Feature Request
TKT-00690,In-app image annotation tools,"Whenever I share a screenshot with my team, I have to open a separate program to draw arrows or highlight areas. Could you add a basic markup tool directly into the image viewer? It would streamline our feedback loop significantly.",Feature Request
TKT-00691,Custom branding options for shared reports,I send reports to clients frequently and would love to add our own company logo to the header. Is there any plan to introduce custom branding settings for public share links? It would make my presentations look much more professional.,Feature Request
TKT-00692,Support for recurring tasks with custom intervals,"I need to set up tasks that repeat every two weeks, but the current UI only supports weekly or monthly options. Could you add a custom interval setting to the task recurrence picker? That would solve my scheduling headache.",Feature Request
TKT-00693,Multiple language support for the interface,Some of my team members are not native English speakers and struggle with certain terminology in the dashboard. Is there any plan to support additional languages? A Spanish or French version would be incredibly helpful for our international office.,Feature Request
TKT-00694,Mobile app push notifications for comments,I never know when a colleague replies to a thread unless I check the app manually. Could you please add push notifications specifically for mentions or comments? This would help me stay on top of urgent project discussions while I am away from my desk.,Feature Request
TKT-00695,Advanced filter options in the search bar,"The search function is great, but it returns too many irrelevant results when searching for common terms. Can you add filters for date ranges or file types? It would make finding older documents much less tedious.",Feature Request
TKT-00696,Guest access for specific project boards,I have contractors that I need to grant temporary access to a single board without giving them access to everything. Is there a way to limit permissions to a specific project? This would really help with our security protocols.,Feature Request
TKT-00697,Drag-and-drop file organization,It is currently quite clunky to move files between folders by clicking the move button and scrolling through a list. Could you enable drag-and-drop functionality for files? It would make organizing my workspace much faster.,Feature Request
TKT-00698,Auto-save functionality for long form inputs,I just lost an hour of work because my browser refreshed while I was typing a long document description. Could you please implement an auto-save feature that drafts the content periodically? This would be a lifesaver for all users.,Feature Request
TKT-00699,Public API access for custom integrations,We have a custom internal dashboard and would love to pull data directly from your service. Are there any plans to release a public API with documentation? We want to build an automated workflow that connects your data to our CRM.,Feature Request
TKT-00700,User-defined custom fields in profile,I want to track extra information about my clients that isn't captured by your default form fields. Can you add a feature for custom fields that we can name and populate ourselves? This would give us the flexibility we need.,Feature Request
TKT-00701,Offline mode for desktop application,"My internet connection at the warehouse is very spotty, and the app is unusable when it drops. Could you look into adding an offline mode that syncs changes once I reconnect? It would make the tool much more reliable for my field staff.",Feature Request
TKT-00702,Dashboard widgets for real-time analytics,"I would love to be able to see my key performance metrics immediately upon logging in. Could you add customizable dashboard widgets that display real-time data? Currently, I have to navigate to three different pages just to see our daily totals.",Feature Request
TKT-00703,Email digest summary of team activity,I find myself checking the app constantly just to see if anyone has updated their status. Would it be possible to get a daily email digest summarizing all team activity? That way I can stay informed without feeling the need to check the app every hour.,Feature Request
TKT-00704,Dark mode option for dashboard,I spend hours looking at your dashboard and the white background is really straining my eyes. Could you please add a dark mode toggle to the settings menu? It would make my late-night work sessions much more comfortable.,Feature Request
TKT-00705,Requesting multi-factor authentication,I am concerned about the security of my account and would love to see an option for multi-factor authentication. Adding app-based authenticator support would give me much better peace of mind. Are there any plans to implement this soon?,Feature Request
TKT-00706,Bulk export functionality,"It would be incredibly helpful if I could select multiple entries and export them as a single CSV file. Right now, I have to download each one individually, which is a huge waste of my time. Please add a bulk action menu to the main list view.",Feature Request
TKT-00707,In-app notification preferences,I'm getting way too many emails for every little update. I wish I could just toggle these off and stick to in-app notifications instead. Can you add a tab for notification management in the profile section?,Feature Request
TKT-00708,Need a desktop application,"The web interface is great, but I would really love a native desktop app for my workflow. Being able to pin it to my taskbar would help me stay focused. Is this something your team is considering for the roadmap?",Feature Request
TKT-00709,Custom tag coloring,My workspace is getting a bit cluttered and it is hard to differentiate my categories. It would be awesome if I could manually assign colors to my custom tags. This would make everything so much easier to read at a glance.,Feature Request
TKT-00710,Integration with calendar apps,Can you please sync my scheduled tasks directly to my personal calendar? Manually adding these events is becoming tedious. An automated push notification or iCal feed link would solve this issue immediately.,Feature Request
TKT-00711,Keyboard shortcuts for navigation,"I love using keyboard shortcuts, but I feel like your interface is lacking them for the navigation menu. Could you add hotkeys to jump between the primary tabs? It would definitely speed up my daily usage significantly.",Feature Request
TKT-00712,Sub-folders for project organization,My main project folder is getting way too messy with dozens of files sitting in one place. Please allow us to create sub-folders or nested collections to keep things organized. This is a standard feature that I feel is currently missing.,Feature Request
TKT-00713,Voice dictation for notes,I often have ideas while I am on the go and cannot type them out. A voice-to-text feature within the note-taking tool would be a game changer for me. Do you have any plans to integrate an audio transcription feature?,Feature Request
TKT-00714,Guest contributor role,I need to share specific files with external contractors without giving them full access to my account. Could you implement a limited guest user role? They only need to view and comment on documents.,Feature Request
TKT-00715,Auto-save functionality for drafts,I just lost a long piece of work because the browser crashed and the text didn't save. Can you implement an auto-save feature that works in the background? It would be a lifesaver for those of us who forget to hit the save button.,Feature Request
TKT-00716,Time tracking report feature,Is there any way to generate a summary report of hours spent on specific projects? I need this for my client invoicing every month. A simple bar chart or downloadable PDF would be perfect.,Feature Request
TKT-00717,Drag and drop reordering,It is frustrating that I cannot manually reorder my list items by dragging them. I have to change the priority number on every single item. A drag-and-drop UI would make this much more intuitive.,Feature Request
TKT-00718,Template library,I keep recreating the same report structure every time I start a new project. Could you add a feature where I can save a project layout as a template? This would save me so much effort.,Feature Request
TKT-00719,API access for developers,I am trying to build a small internal tool that pulls data from your platform. Will you be releasing an open API documentation anytime soon? Having programmatic access would be incredibly beneficial.,Feature Request
TKT-00720,Colorblind mode accessibility,"Some of your status indicators rely entirely on red and green color coding, which makes them impossible for me to distinguish. Please add an accessibility option for colorblind users that includes shapes or icons. This would greatly improve usability for me.",Feature Request
TKT-00721,Archiving feature for old tasks,My task list is bloated with completed items from last year. Can we get an archive button that hides these completed tasks but doesn't delete them permanently? That way I can keep my current workspace clean.,Feature Request
TKT-00722,Search filters by date,Searching for files is difficult because I cannot filter by specific date ranges. Adding a calendar range picker to the search results page would make finding historical documents much faster. I hope this can be prioritized.,Feature Request
TKT-00723,Shared workspace collaboration,I want to work on documents simultaneously with my teammates. Is live multi-user editing on the roadmap? It would really help our team work more efficiently without overwriting each other's changes.,Feature Request
TKT-00724,Add Dark Mode support to the desktop application,I spend hours using your software for work and the bright white interface is causing significant eye strain. Could you please implement a native dark mode setting? It would make my workflow much more comfortable.,Feature Request
TKT-00725,Requesting ability to bulk export reports as CSV,"Currently, I have to download each report individually which is very time-consuming. It would be a huge help if you added a feature to select multiple reports and export them as a single CSV file. Thanks.",Feature Request
TKT-00726,Need more granular user permission settings,We need the ability to restrict team members from editing specific folders while still allowing them to view the contents. The current 'all or nothing' permission structure doesn't fit our organizational security needs. Please consider adding custom roles.,Feature Request
TKT-00727,Integration with third-party project management tools,Is there any plan to add an API bridge to popular project management software? My team uses a different task manager and it would be great to see our project updates mirrored there automatically.,Feature Request
TKT-00728,Add keyboard shortcuts for navigation,I would love to see some keyboard shortcuts implemented for navigating between the different dashboard modules. Moving back and forth with the mouse is slowing me down quite a bit. It would really improve efficiency for power users.,Feature Request
TKT-00729,Add secondary currency support for invoicing,"My business is expanding internationally and I need to bill clients in multiple currencies. Currently, the system only supports local currency which is becoming a major blocker for us. Please add a multi-currency feature soon.",Feature Request
TKT-00730,Add drag-and-drop file organization,Managing files in the cloud storage section is tedious right now because I have to move items one by one. It would be great if I could just drag and drop files into folders. This would save me so much time.,Feature Request
TKT-00731,Custom branding options for shared links,"When I share a folder with my clients, the page looks very generic. Can we get an option to upload our company logo and change the accent colors on those public-facing pages? It would look much more professional.",Feature Request
TKT-00732,Include a text search feature within PDF documents,I have thousands of documents stored here and finding specific information is difficult. Could you add a search feature that actually indexes the text inside the uploaded PDFs? That would be a game changer for our research.,Feature Request
TKT-00733,Two-factor authentication via app,"I am concerned about account security and would feel much safer if you supported authenticator apps for 2FA. SMS codes are fine, but I prefer the security and convenience of an app-based TOTP solution. When will this be available?",Feature Request
TKT-00734,Ability to duplicate past invoices,I have several recurring clients and I hate having to recreate their invoices from scratch every single month. Could you add a simple 'Duplicate' button next to previous invoices? That would make my billing process so much faster.,Feature Request
TKT-00735,Add social media sharing buttons to published posts,We want to increase our reach and it is frustrating that we have to copy and paste links manually to share our content. Could you integrate direct social media sharing buttons onto the published post page? It seems like a standard feature that is currently missing.,Feature Request
TKT-00736,Request for a read-only guest access mode,"Sometimes I just want to show a client the status of a project without giving them full editing access. Does the platform allow for a read-only guest invite? If not, this is definitely a feature I would like to see added.",Feature Request
TKT-00737,Implement auto-save for long-form content editors,I accidentally closed my browser while working on a long draft and lost everything. Is it possible to implement an auto-save feature that stores drafts locally? This would prevent a lot of frustration for users writing long documents.,Feature Request
TKT-00738,Add custom fields to the user profile,"My team needs to track specific metadata for each user, but the current fields are too limited. It would be fantastic if we could create our own custom profile fields. Let me know if this is on your roadmap.",Feature Request
TKT-00739,Add an email notification digest,I am getting way too many individual emails whenever a team member leaves a comment. Is there a way to receive a daily digest instead? It would really help keep my inbox from becoming cluttered.,Feature Request
TKT-00740,Video embedding support in project descriptions,We often use video walk-throughs to explain our design concepts to clients. Being able to embed videos directly in the project notes would make things much clearer. Can you support direct video embeds?,Feature Request
TKT-00741,Add an 'Undo' button for deleted items,I accidentally deleted a file and I couldn't find a way to restore it myself. It would be super helpful if there was a simple 'Undo' button or a trash bin area. That would save me from having to contact support for simple mistakes.,Feature Request
TKT-00742,Requested feature: Offline mode for mobile app,"My work involves frequent travel where I often lose internet connection. Can you make the mobile app functional while offline, syncing everything once I reconnect? This would make the app actually usable for me while on the road.",Feature Request
TKT-00743,Add table of contents generator,I write long reports and manual indexing is taking forever. Could you add an automatic table of contents feature that uses header styles? That would save me hours of manual formatting every month.,Feature Request
TKT-00744,Dark mode option for the dashboard,I spend hours looking at your dashboard every day and the bright white background is really straining my eyes. Could you please add a dark mode toggle to the user settings? It would make a huge difference for my late-night work sessions.,Feature Request
TKT-00745,Export reports to PDF format,"Currently, I can only download my analytics reports as CSV files. It would be incredibly helpful if I could export them directly as PDFs for my weekly management presentations. This would save me a lot of time on formatting.",Feature Request
TKT-00746,Bulk delete functionality for saved items,I have hundreds of old entries in my saved list and it is tedious to remove them one by one. Can you please implement a multi-select option so I can delete them in bulk? This feature would significantly improve my workflow efficiency.,Feature Request
TKT-00747,Integration with calendar applications,"It would be great if the system could automatically sync deadlines and scheduled tasks with my Google or Outlook calendar. Right now, I have to manually copy everything over, which leaves room for human error. Is there any plan to support API-based calendar syncing?",Feature Request
TKT-00748,Custom tags for organizing projects,My projects are growing in number and I'm having a hard time keeping track of them with the current folders. Could you allow users to add custom tags to projects? Being able to filter by these tags would make organization much easier.,Feature Request
TKT-00749,Two-factor authentication via authenticator app,I am worried about the security of my account and I see you currently only support email-based codes. Could you add support for time-based one-time password apps like Authy or Google Authenticator? It would definitely give me more peace of mind.,Feature Request
TKT-00750,Voice command support for mobile app,I often use your app while I am on the move and cannot type easily. It would be awesome if I could add new tasks using voice commands. Please consider adding a microphone icon to the input field.,Feature Request
TKT-00751,Font size adjustment in reader view,Some of the articles are really difficult to read due to the small font size. Adding a simple zoom or font-size adjustment slider in the reader view would be very appreciated by those of us with poor eyesight. Please look into this accessibility improvement.,Feature Request
TKT-00752,Collaborative real-time editing,"My team is currently using your platform for shared documents, but it is annoying that we have to refresh the page to see each other's changes. Is there a plan to introduce real-time collaborative editing? This would be a game-changer for our team collaboration.",Feature Request
TKT-00753,Add a undo button,"I accidentally deleted a large section of my notes because I clicked the wrong button. There is no way to reverse this action, and I lost a lot of work. Please add an undo feature or a version history log for accidental deletions.",Feature Request
TKT-00754,Keyboard shortcuts for navigation,"As a power user, I find it frustrating to constantly navigate using the mouse. Could you publish a list of keyboard shortcuts or allow us to customize our own? It would drastically speed up my daily tasks.",Feature Request
TKT-00755,Desktop widget for quick status updates,"I want to be able to see my current task progress without having to open the entire browser window. A small desktop widget that displays key metrics would be fantastic. This way, I can stay focused while keeping an eye on my work.",Feature Request
TKT-00756,Custom dashboard layout,"I find that some widgets on the dashboard are useless for my role, while others are hidden too deep. Can we have the ability to drag and drop widgets to create a custom layout? This would allow me to prioritize the data I care about most.",Feature Request
TKT-00757,API support for third-party automation,"We are looking to automate some of our data entry processes using a tool like Zapier. Does your service offer an open API that we could connect to? If not, are there any plans to open one up for enterprise customers?",Feature Request
TKT-00758,Printable version of invoices,The current invoice display is messy when I try to print it directly from the browser. Could you add a 'Printer-Friendly' button that formats the layout correctly for an A4 sheet? It would make my accounting process much cleaner.,Feature Request
TKT-00759,More color themes for UI,"The standard blue and gray theme is a bit boring, and I would love to see more options. Maybe you could add a selection of different color palettes that users can choose from in their profile settings. It would be a fun way to personalize the workspace.",Feature Request
TKT-00760,Auto-save for drafts,I lost an entire hour of writing because my browser crashed and there was no auto-save feature. Could you please implement an automatic save function that triggers every minute? It would prevent a lot of frustration for your users.,Feature Request
TKT-00761,Ability to archive folders,"I have so many old projects that I don't want to delete, but they are cluttering my main view. Could you provide an 'Archive' option to move these into a separate, hidden directory? This would really help clean up my sidebar.",Feature Request
TKT-00762,Sub-task nesting limit increase,"I often need to break down my tasks into several sub-levels, but the current nesting limit is too shallow. Can you allow us to create deeper sub-task hierarchies? It would really help with managing complex project timelines.",Feature Request
TKT-00763,Search filter for file types,"When I search my documents, it returns everything including images and PDFs. Can you add a filter so I can search specifically for text files or spreadsheets? That would save me so much time when I'm looking for a specific report.",Feature Request
TKT-00764,Request for Dark Mode support,I spend most of my time working in your dashboard late at night. Could you please add a dark mode toggle to the settings menu? My eyes would really appreciate the relief.,Feature Request
TKT-00765,Need bulk export for monthly reports,"Currently, I have to download my data one entry at a time for my accounting team. It would save me hours if there was a bulk export button in the history tab. Please consider adding CSV support for multiple selections.",Feature Request
TKT-00766,Integrate with third-party calendar apps,It would be incredibly helpful if your platform could sync directly with my calendar. Manually typing in deadlines is prone to error and takes up valuable time. Are there any plans to build this integration?,Feature Request
TKT-00767,Add two-factor authentication options,I am worried about account security and would love to see more MFA options added. Could you support hardware security keys or authenticator apps instead of just SMS? This is a requirement for my company compliance policy.,Feature Request
TKT-00768,Customizable dashboard widgets,"The current dashboard layout is okay, but I wish I could rearrange the widgets. I really only care about the analytics section and would like to move it to the top. Please give us more control over the interface.",Feature Request
TKT-00769,Add undo button for accidental deletions,I accidentally deleted a project folder today and lost all my progress. There is no confirmation prompt or undo feature to save me. Please add an 'Are you sure?' pop-up or a trash bin folder.,Feature Request
TKT-00770,Request for keyboard shortcuts,I use this application every single day for work and I am looking for ways to speed up my workflow. Could you implement keyboard shortcuts for common actions like saving or navigating between tabs? It would make such a difference in my efficiency.,Feature Request
TKT-00771,Support for multiple user roles,"My team is growing, and I need a way to restrict access for my interns. Can you add a feature that allows me to set different permission levels for each team member? Currently, everyone has admin rights which is risky.",Feature Request
TKT-00772,Add recurring task functionality,"Many of my tasks repeat every single week, but I have to recreate them from scratch every time. It would be amazing if I could just toggle a 'repeat weekly' setting. This would significantly improve my project management workflow.",Feature Request
TKT-00773,Language support for Spanish,My office team is based in Mexico and many of them struggle with the English interface. Do you have plans to translate the platform into Spanish anytime soon? It would really help with adoption across our offices.,Feature Request
TKT-00774,Requesting an API for developers,"We love your product, but we need to automate some tasks using our own internal software. Is there any chance you will release a public API in the near future? We are ready to build a connection if the endpoints are available.",Feature Request
TKT-00775,Add an offline mode for mobile,I often travel for work and lose internet access on trains or planes. Can we get an offline mode so I can continue editing my documents? Syncing can happen whenever I get back to a stable connection.,Feature Request
TKT-00776,Requesting custom tag colors,"I organize all my files with tags, but the limited color palette is confusing. I would like to be able to pick specific hex codes for my tags. This would help me categorize things much better.",Feature Request
TKT-00777,Search filters for document archive,"I have thousands of documents and searching is currently a nightmare. Please add advanced filters like date range, file type, or creator name. This would make finding old work so much easier.",Feature Request
TKT-00778,Include spell check in text editor,I find myself making small typos in my reports all the time because the built-in editor has no spell checker. Can you please integrate a basic spelling and grammar tool? It would be a huge help.,Feature Request
TKT-00779,Add project templates,Starting every project from scratch is getting tedious because we use the same structure every time. Could you add a feature where I can save a board as a template? That would save us a lot of setup time.,Feature Request
TKT-00780,Feature request: image annotations,"When I collaborate with my design team, I need to point out specific areas of an image. If you added an annotation tool to the document viewer, I wouldn't have to use external software. Please consider this for your next update.",Feature Request
TKT-00781,Ability to archive instead of delete,"I am afraid of deleting old projects in case I need them later, but they clutter my active list. Could you add an 'Archive' option that hides them from view but keeps the data saved? That would be perfect.",Feature Request
TKT-00782,Request for social media sharing links,I want to share my public portfolio page directly to other platforms like LinkedIn or Twitter. Could you add a social media share button to the page view? It would make promoting my work much faster.,Feature Request
TKT-00783,Add read receipt for shared files,"When I send documents to my clients, I have no idea if they have actually opened them yet. Can you implement a read receipt or a 'last viewed' timestamp? It would help me track my project progress more effectively.",Feature Request
TKT-00784,Dark mode option for the dashboard,I spend hours looking at the dashboard for my work and the bright white background is really straining my eyes. Could you please add a dark mode toggle to the settings menu? It would be a huge help for those of us working late shifts.,Feature Request
TKT-00785,Need bulk export for reporting,It is currently tedious to export our monthly reports one by one. I would love to see a feature that allows us to select multiple files and export them as a single zip archive. This would save our team a significant amount of time every Friday.,Feature Request
TKT-00786,Keyboard shortcuts for navigation,I am a power user and find it frustrating to constantly click through menus to switch tabs. Can you implement some basic keyboard shortcuts for navigation? It would make the entire application feel much faster to use.,Feature Request
TKT-00787,Integration with calendar apps,Is there any plan to sync my scheduled tasks with external calendars like Google or Outlook? Having to manually add every item is prone to human error and doubles my workload. An automatic sync feature would be a total game changer.,Feature Request
TKT-00788,Custom tags for project organization,My projects are starting to pile up and I really need a way to categorize them better. Could you add a custom tagging system so I can filter my dashboard by specific labels? It would make finding older files much easier.,Feature Request
TKT-00789,Request for mobile app offline mode,I often travel for work and lose internet connection on the train. I would really appreciate an offline mode so I can continue editing my notes while traveling. Please consider adding this in the next update.,Feature Request
TKT-00790,Ability to customize notification frequency,"The current notification system sends me an alert for every single comment, which is overwhelming. I want to be able to set them to a daily digest instead. Please provide an option to configure the frequency of these alerts.",Feature Request
TKT-00791,API access for external data analysis,"We would like to pull our usage statistics directly into our own internal business intelligence tools. Does your platform offer an API for data retrieval yet? If not, please add this to your development roadmap as it is essential for our reporting.",Feature Request
TKT-00792,Undo button for accidental deletions,I accidentally deleted a large folder this morning and lost all my progress. It would be amazing if there was a simple undo button or a trash bin feature to restore deleted items. This would provide a much-needed safety net for your users.,Feature Request
TKT-00793,User-defined themes for shared workspaces,Our team would love to be able to apply our brand colors to our shared workspace. It would help us identify our projects at a glance. Can you allow us to customize the interface colors for specific workspaces?,Feature Request
TKT-00794,Advanced search filtering options,"The current search bar only looks at the title and returns too many irrelevant results. Could you add filters for date ranges, file types, or creators? It would make locating specific documents much more efficient.",Feature Request
TKT-00795,Two-factor authentication via authenticator apps,I am worried about the security of my account and noticed you only support SMS verification. Can you add support for standard authenticator apps for two-factor authentication? It is much safer and more reliable for my needs.,Feature Request
TKT-00796,Add a drag-and-drop file upload,Uploading files one by one by clicking the browse button is extremely slow. Why can't I just drag and drop folders from my desktop into the browser? Please look into adding this functionality soon.,Feature Request
TKT-00797,Read receipts for direct messages,It is often unclear whether the people I am working with have actually seen my messages. Could you implement read receipts for our internal chat system? It would help reduce follow-up messages asking if a task was seen.,Feature Request
TKT-00798,More granular user permissions,We have several interns and I want to give them access to read files but not edit them. The current permissions system is too binary and only offers admin or viewer roles. Could you allow us to customize access rights more specifically?,Feature Request
TKT-00799,Voice to text feature,I often have ideas while driving and I would love a voice-to-text option within your app. It would allow me to quickly log thoughts without having to type everything out on a small screen. Please consider adding this accessibility feature.,Feature Request
TKT-00800,Support for multiple account login,I manage both a personal and a professional account and having to log out to switch between them is annoying. Could you allow us to stay logged into multiple accounts simultaneously? Many other platforms already offer this feature.,Feature Request
TKT-00801,Template library for common tasks,We keep recreating the same project structure every time we start something new. Could you add a feature to save custom project templates? It would save us a lot of repetitive setup time.,Feature Request
TKT-00802,Language localization for the interface,"My team is based in Spain and while we all speak English, it would be much easier if the interface could be translated into Spanish. Are you planning on supporting additional languages anytime soon? This would really help with adoption across our offices.",Feature Request
TKT-00803,Time tracking integration,Can you integrate with popular time-tracking software so we can log hours directly on the task cards? Having to switch between two different apps to bill clients is hurting our productivity. A direct plugin would be very beneficial.,Feature Request
TKT-00804,Dark mode option for dashboard,I spend most of my workday looking at your dashboard and the white background is causing significant eye strain. Could you please implement a dark mode setting? It would be a huge help for those of us working late hours.,Feature Request
TKT-00805,Unable to upgrade my plan,"I have been trying to upgrade to the premium tier for the last hour, but the button stays greyed out. I am currently on the basic plan and really need the extra storage for my project. Can you please help me process this change?",Subscription
TKT-00806,Unexpected renewal charge,I noticed a charge on my bank statement today for a subscription I thought I had canceled last month. I received no confirmation that my account was still active. Please issue a refund immediately.,Subscription
TKT-00807,How do I switch to annual billing?,"I'm currently on a monthly billing cycle, but I'd like to switch to the annual plan to take advantage of the discount. I can't seem to find the toggle for this in the billing settings. Could you guide me through the process?",Subscription
TKT-00808,Cancel my account immediately,Please cancel my subscription. I am no longer using the service and do not want to be charged again next month. Thank you.,Subscription
TKT-00809,Issue with subscription discount code,"I have a valid promo code for 20% off my monthly subscription, but the checkout page is throwing an error whenever I enter it. It keeps saying the code is invalid or expired, even though it should be good until the end of the year. Please assist.",Subscription
TKT-00810,Invoice missing for last month,I need my invoice for the most recent subscription payment for my tax records. I haven't received an email receipt for the last two months of service. Could you please send those over?,Subscription
TKT-00811,Can I pause my subscription?,I will be traveling for the next three months and won't be using the service. Is there an option to pause my account instead of canceling it entirely? I'd like to keep my data saved for when I return.,Subscription
TKT-00812,Payment method update failed,"I am trying to update my credit card information because my current card expired. Every time I hit save, the system tells me there is a connection error. My bank says everything is fine on their end.",Subscription
TKT-00813,Double billed for the same month,It looks like I was charged twice for my subscription this month. I have two separate transactions showing on my card statement from the same date. Please investigate this double billing error.,Subscription
TKT-00814,Subscription features not showing up,"I just upgraded my plan, but none of the premium features are unlocked in my dashboard. I have refreshed the page multiple times and even logged out and back in. Please fix my account access.",Subscription
TKT-00815,Need a refund for accidental renewal,"I totally forgot to turn off auto-renew before my trial ended. Since I haven't logged in since the trial finished, could you please provide a refund? I didn't intend to start a paid subscription.",Subscription
TKT-00816,Subscription downgrade request,My company is downsizing and we no longer need the enterprise features on our plan. Can we downgrade to the standard tier starting next month? Please let me know what steps I need to take.,Subscription
TKT-00817,Trouble with family plan sharing,"I added my spouse to my family subscription plan, but they are still seeing ads and limited content. It shows them as a member in my settings, but it doesn't seem to have synced to their device yet. What am I doing wrong?",Subscription
TKT-00818,Requesting a receipt for business expenses,My accounting department requires a receipt that shows the company name and my full name for all software subscriptions. The automated emails I get don't include those details. Can you generate an official document for my last payment?,Subscription
TKT-00819,Why was my subscription price increased?,My monthly bill went up by five dollars this month without any warning. I don't recall seeing a notification about a price hike. Can you explain why my rate changed?,Subscription
TKT-00820,Change of billing cycle date,"My subscription renews on the 28th of every month, but I would prefer to have it renew on the 1st to match my payroll. Is it possible to adjust my billing date? I am happy to pay the pro-rated amount for the extra few days.",Subscription
TKT-00821,Subscription status showing as expired,"I just made a payment, but my account status still says 'expired' in the settings menu. I have a confirmation screenshot if you need it. Please update my status so I don't lose access to my work.",Subscription
TKT-00822,Tax exemption for non-profit,We are a registered non-profit and should be exempt from sales tax on our subscription. How do I upload our tax-exempt certificate so we can stop paying tax on our monthly invoices?,Subscription
TKT-00823,Unable to remove payment method,"The site won't let me delete my old credit card info. It says I must have at least one valid payment method on file, but I want to switch to using PayPal instead. Please help me delete the card info once the new one is active.",Subscription
TKT-00824,Looking for lifetime subscription options,"I am tired of monthly recurring charges and was wondering if you offer a one-time purchase or lifetime subscription option. If not, can I pay for two years upfront? Let me know your current pricing structure.",Subscription
TKT-00825,Cannot upgrade to the annual plan,"I am trying to switch my monthly subscription to the annual option but the button is greyed out. I have already refreshed my browser and cleared my cache, but nothing happens when I click it. Could you please assist me with this upgrade?",Subscription
TKT-00826,Why was I charged twice this month?,I just checked my bank statement and noticed two identical charges for the same subscription period. This is extremely frustrating as I only signed up for one account. Please look into this and process a refund for the extra charge immediately.,Subscription
TKT-00827,How do I cancel my trial before it ends?,"I have been testing out the platform for the past week, but I don't think it is the right fit for my team. I want to make sure I don't get charged when the trial expires. Where exactly can I find the cancellation settings in my dashboard?",Subscription
TKT-00828,Subscription not showing as active,"I just paid for my renewal this morning, but my account still says it is on the free tier. I have a receipt, but the premium features remain locked for me. Please fix this synchronization error as soon as possible.",Subscription
TKT-00829,Requesting a refund for accidental renewal,"My subscription automatically renewed last night, but I meant to cancel it before the deadline. I haven't used the service at all since the renewal date. Is it possible to get a refund for this transaction?",Subscription
TKT-00830,Where can I download my payment receipts?,"I need to submit my monthly expenses to my accounting department, but I cannot find a way to download previous invoices. Can you point me in the right direction? I need copies of the last three months of payments.",Subscription
TKT-00831,Changing my billing date,"Is it possible to shift my billing date to the first of every month? Current billing hits on the 15th, which makes tracking my monthly budget a bit difficult. If this is not possible, let me know.",Subscription
TKT-00832,Difficulty applying promo code,"I am attempting to renew my subscription and I have a valid discount code, but the checkout page keeps giving me an error message. I've tried typing it in manually and copying it directly, but it just won't accept it. Any help would be appreciated.",Subscription
TKT-00833,Update credit card information,My current card is about to expire and I want to update my payment details to avoid any service interruptions. I looked under settings but I don't see an option to edit the saved payment method. Could you guide me through this?,Subscription
TKT-00834,Pause subscription for a few months,I am going on an extended leave and will not be using the service for the next three months. Is there a way to pause my subscription rather than cancelling it entirely? I'd like to keep my saved projects intact.,Subscription
TKT-00835,Missing features after plan switch,"I upgraded to the premium plan yesterday, but I am still seeing the limitations of the basic plan. I've logged out and back in twice now. Do I need to wait for a server sync or is something broken?",Subscription
TKT-00836,Can I add more users to my plan?,We have a new team member starting on Monday and I need to know how to add another license to our existing subscription. Is this something I handle through the account page or do I need to contact sales? Please clarify the pricing for adding extra seats.,Subscription
TKT-00837,Subscription renewal notification settings,I keep missing my renewal dates because I don't get any emails until after the charge has already gone through. Can I adjust my notification settings so I get a reminder a few days in advance? I'd prefer to manage my finances better.,Subscription
TKT-00838,Issue with student discount validation,I am trying to verify my student status to get the educational discount on my subscription. The upload portal for my documents keeps crashing after I select my files. Can you help me apply this discount manually?,Subscription
TKT-00839,Payment method declining for no reason,"My card is perfectly fine and has plenty of funds, but every time I try to renew my plan, the payment is declined. I've checked with my bank and they say the charge is being blocked by your merchant service. Can you help me resolve this?",Subscription
TKT-00840,Change from yearly to monthly,"I'm currently on the yearly billing cycle, but my financial situation has changed and I need to switch to monthly. I don't see an option to change the frequency in my dashboard. How can I make this switch?",Subscription
TKT-00841,Question about tax calculation,I noticed there is an extra fee on my subscription invoice that I don't recognize. Is this a local sales tax or a service fee? It seems higher than the standard rate for my area.,Subscription
TKT-00842,Service was cancelled but I was still charged,"I cancelled my account last month and received a confirmation email, yet my credit card was charged again today. This is very frustrating. Please check why this charge went through and process a reversal immediately.",Subscription
TKT-00843,Inquiry about multi-region pricing,"I am relocating to another country next month and want to know if my subscription price will change. Will I be able to keep my current plan and billing setup, or do I need to re-subscribe in the new region? Please let me know the best way to handle this transition.",Subscription
TKT-00844,Need to request a tax exempt status,"My organization is a non-profit and we are tax-exempt. We already have a subscription with you, but we have been paying taxes on every invoice. What documentation do you need to stop charging us tax on future renewals?",Subscription
TKT-00845,Unable to cancel my monthly plan,"I have been trying to cancel my subscription for the last hour, but the button on the dashboard is greyed out. Please process this cancellation immediately so I am not charged again tomorrow.",Subscription
TKT-00846,Double billed for this month,I noticed on my bank statement that I was charged twice for the monthly service. Can you please check my account and issue a refund for the extra charge? I have only one active subscription.,Subscription
TKT-00847,Question about upgrading to annual billing,I am currently on a month-to-month plan and would like to switch to the yearly option to save some money. How can I make this change without interrupting my current access? Please let me know if there is a prorated credit applied.,Subscription
TKT-00848,Payment method expired notification,"I received an email saying my payment method is expired, but I have already updated the card details in my settings. Why am I still getting these warning emails? Please ensure my service won't be interrupted.",Subscription
TKT-00849,Request for invoice receipt,I need a copy of my last three invoices for my company's expense report. I checked the portal but could only find the most recent one. Could you please send the older ones to me?,Subscription
TKT-00850,Subscription still active after cancellation,I requested a cancellation last week but I can still log into the premium features. Did the request go through correctly? I want to make sure I am not billed for another cycle.,Subscription
TKT-00851,Price increase concerns,I just saw the email regarding the price hike for existing subscribers. I've been a loyal customer for years and I feel this increase is quite steep. Is there any way to lock in my current rate for a bit longer?,Subscription
TKT-00852,Difficulty applying promo code,I am trying to renew my subscription and use a discount code I found online. The system keeps saying the code is invalid even though it is clearly within the expiration date. Can you help me apply this discount?,Subscription
TKT-00853,Switching from student to standard plan,My student discount period has ended and I need to update my billing to the standard subscription. The site won't let me change the plan type manually. Could you assist me with this transition?,Subscription
TKT-00854,Unexpected renewal charge,I did not intend to renew my subscription for another year. I thought I had set it to expire at the end of the term. Is it possible to get a refund since I haven't used the service at all this month?,Subscription
TKT-00855,Pause subscription feature missing,"I am going to be traveling for the next three months and don't want to pay for a service I cannot use. I heard you have a pause feature, but I cannot locate it in my account settings. Could you help me put my subscription on hold?",Subscription
TKT-00856,Gift subscription redemption issue,"Someone gifted me a one-year subscription, but the redemption link is returning a 404 error. I have tried on multiple browsers and devices with no luck. Could you please help me get this activated?",Subscription
TKT-00857,Subscription tier downgrade,I no longer need the Pro features and would like to move down to the basic plan starting next billing cycle. I'm worried about losing my data if I change plans. Will everything stay intact when I downgrade?,Subscription
TKT-00858,Tax information incorrect on invoice,The tax details on my monthly invoice are incorrect because my business moved to a new state. How do I update my company registration information so the tax is calculated correctly going forward?,Subscription
TKT-00859,Frequent billing errors,This is the third time my card has been declined even though there are plenty of funds available. It is getting very frustrating to deal with this every single month. Is there something wrong with your payment processor?,Subscription
TKT-00860,Clarification on billing date,"I am confused about when my next payment is due. My account page says the 15th, but the initial signup email said the 1st. Could you confirm my actual renewal date so I can ensure funds are available?",Subscription
TKT-00861,Auto-renew feature not working,My subscription expired yesterday because the auto-renew failed to process for some reason. I lost access to my projects and I need them urgently. How can I get my subscription reactivated immediately?,Subscription
TKT-00862,Seeking a loyalty discount,I have been subscribed for over five years now. Are there any loyalty programs or discounts available for long-term customers? I love the product but have to watch my monthly budget.,Subscription
TKT-00863,Change in currency billing,"I am currently being billed in USD, but my bank account is in EUR, causing high conversion fees. Can I change my billing currency to match my local bank? Please let me know if this is supported.",Subscription
TKT-00864,Group subscription management,I am the administrator for our team account and need to add three more members to our subscription. Do I just increase the seat count in the dashboard or does that require a separate invoice? Please advise on the best way to handle this.,Subscription
TKT-00865,Unable to cancel my recurring subscription,"I have been trying to cancel my monthly plan for three days now, but the button on the dashboard is unresponsive. I do not want to be charged for another month. Please process this cancellation immediately.",Subscription
TKT-00866,Double billed for the annual plan,I noticed two separate charges on my bank statement today for the same subscription period. It seems like the system renewed me twice by mistake. Could you please check this and issue a refund for the extra charge?,Subscription
TKT-00867,Upgrade request for the Pro tier,"Hi there, I would like to upgrade my current basic subscription to the Pro version. Does this happen automatically if I change the plan in my settings, or do I need to contact support? Thanks for the help.",Subscription
TKT-00868,Invoice missing from the account page,I need to download my receipt for last month's payment for tax purposes. I checked the subscription tab but there is nothing listed under billing history. Can you send the invoice to me?,Subscription
TKT-00869,Payment method update failed repeatedly,"I'm trying to update my credit card details for my subscription, but I keep getting a generic error message. I have verified the card info and it is definitely valid. Can someone help me get this sorted before my next payment date?",Subscription
TKT-00870,Subscription not active after successful payment,"My payment went through successfully yesterday morning, but my account still shows as a free user. I have already tried logging out and back in, but it didn't change anything. Please fix my access as I need the paid features for work today.",Subscription
TKT-00871,Questions about prorated refunds,"If I decide to cancel my annual plan halfway through the year, do I get any money back for the unused months? I am considering switching to a different service and wanted to understand the policy first.",Subscription
TKT-00872,Error during subscription checkout,"I am stuck at the payment stage while trying to sign up. Every time I click submit, the page just refreshes without confirming the purchase. I have tried using two different browsers but the result is the same.",Subscription
TKT-00873,Requesting an extension for the free trial,I've been quite busy this week and haven't had much time to test out the premium features of your service. Would it be possible to get an extra three days on my trial? I really want to make sure it's a good fit before committing to a paid plan.,Subscription
TKT-00874,Switching from monthly to annual billing,I would like to change my billing cycle from monthly to yearly to take advantage of the discount. Is this something I can do myself through the user portal? I couldn't find an obvious link for this switch.,Subscription
TKT-00875,Promotional code didn't apply,"I entered the discount code provided in your recent newsletter, but the total price didn't change at checkout. I made sure to enter it correctly, but the discount was ignored. Could you please apply it manually to my account?",Subscription
TKT-00876,Suspended subscription help,"My subscription was suspended due to a failed payment, but I have now updated my credit card information. How long does it take for my access to be restored? I need to get back into my dashboard right away.",Subscription
TKT-00877,Can I pause my membership instead of canceling?,I will be traveling for two months and won't be using the service. Is there an option to pause my subscription instead of cancelling it entirely? I'd like to keep my saved data and settings.,Subscription
TKT-00878,Pricing concern regarding recent increase,I was surprised to see that my subscription price has increased significantly since last month. I don't recall receiving any notice about a rate hike. Can you explain why my bill is higher now?,Subscription
TKT-00879,Enterprise account transition,"Our company has grown, and we need to move from an individual plan to an enterprise subscription. Who should I speak with to discuss the custom pricing and onboarding process? Please let me know the next steps.",Subscription
TKT-00880,Technical glitch with billing date,"My renewal date has jumped forward by two weeks for some reason. I am supposed to be billed on the 1st of every month, but now it says the 15th. This is very confusing and I want to ensure my service doesn't lapse.",Subscription
TKT-00881,Request to download transaction history,I need a full export of my payment history for the past twelve months. The current interface only shows the last three entries. Is there a way to request a full report?,Subscription
TKT-00882,Subscription cancellation confirmation not received,"I clicked the cancel button yesterday, but I never received a confirmation email. I want to be 100% sure that my subscription is stopped. Could you please verify the current status of my account?",Subscription
TKT-00883,Student discount eligibility,I am a full-time university student and was wondering if you offer any discounted rates for educational use. I really enjoy the product but the current monthly price is a bit high for my budget. Are there any current promotions for students?,Subscription
TKT-00884,VAT/Tax ID addition,I forgot to add my business tax identification number when I signed up for the subscription. Is it possible to update my existing invoices to include this information? Please let me know how to proceed.,Subscription
TKT-00885,Unexpected charge on my credit card,I noticed a charge for a monthly subscription that I thought I had cancelled weeks ago. Could you please look into why this was processed? I would appreciate a refund for this period.,Subscription
TKT-00886,Cannot find where to upgrade my plan,"I am trying to move to the premium tier to get more features, but the button seems to be missing from my dashboard. Can you guide me through how to upgrade? I want to make sure I get the annual discount.",Subscription
TKT-00887,Request to change billing cycle,"My current subscription is billed monthly, but I would like to switch to an annual payment plan to save some money. Please let me know if I need to cancel first or if you can handle this change on your end.",Subscription
TKT-00888,Subscription cancellation confirmation needed,"I submitted a request to stop my auto-renewal yesterday, but I haven't received a confirmation email yet. I'm really worried about being billed again next month. Can you confirm that my account is set to cancel?",Subscription
TKT-00889,Discount code not applying to subscription,"I have a valid promo code for 20% off my subscription, but the system keeps returning an error message saying it's expired. I just received this code in my inbox this morning. Could you help me get the discount applied?",Subscription
TKT-00890,Unable to update payment method,"Every time I try to save my new card details, the page hangs indefinitely. I've tried using different browsers and even my mobile device, but nothing works. I'm concerned my service will be interrupted when the current card expires.",Subscription
TKT-00891,Double billed for the same month,I checked my bank statement and noticed I was charged twice for the same service period. This seems like a mistake in your billing system. Please verify this and process a refund for the extra payment.,Subscription
TKT-00892,Question about invoice download,"I need to download my past invoices for tax purposes, but I can't find a history section in my settings. Where can I access my previous payment receipts? Thanks for your help.",Subscription
TKT-00893,Suspended account despite payment,"My account was suddenly suspended today, even though I made my payment on time last week. I really need access to my files for work today. Can you please reactivate it immediately?",Subscription
TKT-00894,Difficulty finding the cancel button,"I've been looking through every single menu option, but I cannot locate the link to cancel my subscription. Is there a hidden process for this? I would like to end my membership before the next billing cycle starts.",Subscription
TKT-00895,Price increase notification concerns,"I saw an email about the subscription price going up next month. Since I am a long-term customer, is there any way to keep my current rate? It feels a bit unfair for someone who has been here for years.",Subscription
TKT-00896,Applied wrong plan type,I accidentally signed up for the team plan instead of the individual one. I am the only one using this account and don't need all those extra seats. Can you please downgrade my plan and credit the difference?,Subscription
TKT-00897,Gift card redemption issue,"I received a prepaid subscription gift card, but I have no idea where to enter the code to redeem it. The instructions on the card are for a different version of your website. Could you provide the correct steps?",Subscription
TKT-00898,Subscription didn't renew automatically,"My plan expired yesterday, and even though I have auto-renew turned on, it didn't process. Now I have lost access to my premium features. How can I manually trigger the renewal so I don't lose my data?",Subscription
TKT-00899,Is there a student discount available?,"I am currently enrolled in university and was wondering if you offer any special pricing for students. I love using your service, but the regular price is a bit difficult for me right now. Let me know if that is an option.",Subscription
TKT-00900,Tax information incorrect on invoice,"The business address on my monthly invoice is showing the wrong state, which is causing issues with my expense reports. Can I update my billing information to reflect the correct tax jurisdiction? Please assist me in fixing this.",Subscription
TKT-00901,Paused subscription not resuming,"I paused my account for three months, and that period has now ended. My service still hasn't resumed, and I am currently unable to access any of my saved projects. Can you fix the status on my account?",Subscription
TKT-00902,"Payment failed, but card is fine","My payment keeps failing, but my bank says they aren't even seeing an attempt from your side. I've used this card for years without any issues. Is there an issue with your payment gateway today?",Subscription
TKT-00903,Requesting a refund for partial month,"I forgot to cancel my subscription until a few days after it renewed. Since I haven't logged in at all this month, would it be possible to get a pro-rated refund? I would really appreciate the gesture.",Subscription
TKT-00904,Confusion over billing date,"I thought my subscription was set to bill on the first of every month, but it charged me on the fifteenth. Why did the date shift? I need to know so I can ensure there are enough funds in my account.",Subscription
TKT-00905,Unable to upgrade my plan,"I have been trying to switch from the basic plan to the premium one for two days. Every time I click the confirm button, the page just refreshes and nothing happens. Please help me fix this so I can access the extra features.",Subscription
TKT-00906,Double charged for monthly subscription,I noticed on my bank statement that I was billed twice for this month. Could you please check my account and issue a refund for the extra charge? I would appreciate it if you could ensure this doesn't happen again next month.,Subscription
TKT-00907,Cancel my subscription immediately,I no longer have a need for this service and would like to cancel my subscription effective today. Please confirm that I will not be charged for the next billing cycle. Thanks.,Subscription
TKT-00908,How do I update my payment information?,My credit card expired last week and I need to update my details so my service isn't interrupted. I cannot find the setting anywhere in my profile dashboard. Could you please guide me through the steps?,Subscription
TKT-00909,Subscription still active after cancellation,"I requested a cancellation last month, but I just received another charge on my statement today. I am very frustrated because I made sure to click the cancel button. Please process a refund and stop all future payments immediately.",Subscription
TKT-00910,Requesting a pro-rated refund,"I accidentally signed up for the annual plan when I only wanted to test the service for one month. Since I only used it for three days, is it possible to get a refund for the difference? I am happy to switch to the monthly plan instead.",Subscription
TKT-00911,Invoice shows incorrect plan price,The invoice I received this morning reflects a price increase that I was not notified about. I signed up at the locked-in rate of ten dollars per month. Why am I being charged fifteen dollars now?,Subscription
TKT-00912,Can I pause my subscription instead of canceling?,I am going to be traveling for three months and won't be using the software during that time. Does your system support a pause feature? I would prefer to keep my data saved without paying the monthly fee.,Subscription
TKT-00913,"Payment failed, but my card is valid","My subscription renewal failed this morning, but I have verified with my bank that there are no issues with my card. Could you please retry the payment on your end? I don't want to lose access to my project files.",Subscription
TKT-00914,Applying a promotional discount code,"I recently received a discount code in my inbox, but there was no field to enter it during the checkout process. Can this be applied retroactively to my current subscription? Please let me know how we can handle this.",Subscription
TKT-00915,Switching from annual to monthly billing,My current annual plan is coming up for renewal soon and I would like to switch to monthly billing. I don't see an option to change the billing frequency in my account settings. How can I make this change?,Subscription
TKT-00916,Missing features in my current plan,I am subscribed to the enterprise plan but I cannot access the API dashboard promised in the feature list. Am I missing a configuration step or is this a system error? Please assist as soon as possible.,Subscription
TKT-00917,Question regarding trial period expiration,My trial is ending in two days and I am not ready to commit to a paid plan yet. Is there any way to extend the trial period by another week? I just need a little more time to evaluate the platform.,Subscription
TKT-00918,Unexpected plan downgrade,My account was suddenly downgraded to the free version despite my subscription being active and paid for. This has caused a massive disruption to my workflow today. Please restore my premium access immediately.,Subscription
TKT-00919,Need a copy of my tax invoice,I require a formal tax invoice for my monthly subscription for my accounting department. I checked the billing history section but only found a receipt. Can you generate an official document for me?,Subscription
TKT-00920,Subscription not appearing in dashboard,"I paid for the pro plan yesterday, but my account still says I am on the free tier. I have the payment confirmation number saved. Could you please look into why the update hasn't reflected on my account?",Subscription
TKT-00921,Refund request due to technical issues,"I have not been able to log in to the service for over a week despite several emails to support. Since the service is unusable, I would like to request a full refund for this month. I look forward to your prompt response.",Subscription
TKT-00922,Clarification on currency conversion,I am being charged in a different currency than what was displayed on the pricing page. Why is there a discrepancy between the advertised rate and the amount debited from my account? I would appreciate a clarification.,Subscription
TKT-00923,How to change subscription owner,I am leaving my company and need to transfer the subscription ownership to my colleague. Can you please assist us in moving the billing responsibility to a new profile? We need to keep the existing project history intact.,Subscription
TKT-00924,Unwanted auto-renewal,"I did not intend for my subscription to renew for another full year. I have been trying to turn off auto-renew in the settings, but the toggle is greyed out. Can you please cancel this renewal for me?",Subscription
TKT-00925,Unable to upgrade my current subscription plan,"I have been trying to switch from the basic tier to the professional plan for three days now. Every time I click confirm, the page just refreshes and nothing happens. Could you please check if there is an error on my account profile?",Subscription
TKT-00926,Requesting a refund for accidental renewal,I forgot to cancel my trial before it ended and I was charged for the full year. I haven't used the service at all since the renewal. Is it possible to get a refund for this transaction?,Subscription
TKT-00927,Subscription cancellation button is missing,I am looking everywhere in my settings to end my monthly membership but I cannot find the link. It feels like this is intentionally hidden to keep me paying. Please assist me in canceling immediately.,Subscription
TKT-00928,Payment method update failed,"My card expired and I need to update my billing information, but the portal keeps rejecting my new card details. I have verified the numbers are correct on my end. How do I resolve this billing issue?",Subscription
TKT-00929,Discrepancy in subscription billing amount,My invoice this month is significantly higher than the agreed monthly rate. I was promised a locked-in promotional price when I signed up last year. Why has the cost gone up without any notice?,Subscription
TKT-00930,Can I pause my subscription temporarily?,I will be traveling for the next three months and won't have access to your platform. Is there a way to pause my subscription instead of canceling entirely? I would like to keep my saved data.,Subscription
TKT-00931,Account still showing as free after payment,"I purchased the premium subscription this morning, but my account status still reflects the free version. My bank confirms the charge went through successfully. Can you please sync my status?",Subscription
TKT-00932,Discount code not applied to annual plan,"I entered the discount code during checkout but the final price didn't change at all. I really wanted to sign up for the annual plan, but not at the full price. Can you apply the discount retroactively?",Subscription
TKT-00933,Switching from monthly to annual billing,I want to change my billing cycle to save some money on the annual subscription. Will the unused portion of my current month be credited toward the new payment? Please let me know how to proceed.,Subscription
TKT-00934,Multiple charges for the same subscription period,I noticed two identical charges on my bank statement for this month. It seems like I was billed twice for the same subscription. Please look into this and issue a refund for the extra charge.,Subscription
TKT-00935,Family plan seats not working correctly,"I upgraded to the family plan so my spouse could join, but they are still being prompted to pay when they log in. I thought the invitation link would grant them access immediately. How do we fix this?",Subscription
TKT-00936,Subscription expired despite auto-renew being on,My access was cut off today even though I have auto-renew enabled in my dashboard. I rely on this service for my daily work and this is very disruptive. Please restore my access as soon as possible.,Subscription
TKT-00937,How to change billing currency?,I moved to a different country and I want to pay in my local currency instead of the original one. Is this a setting I can change in my billing profile? I'm worried about the constant exchange rate fees.,Subscription
TKT-00938,Need an invoice for tax purposes,I need a copy of my last three monthly invoices for my business accounting. I cannot find a download button on the subscription page. Could you please send them to me?,Subscription
TKT-00939,Subscription not reflecting platform features,"I signed up for the pro plan, but I am still seeing locked icons on the features I paid for. I have tried logging out and logging back in multiple times. Please investigate this for me.",Subscription
TKT-00940,Can I upgrade just for one month?,"I have a big project coming up next month and I need the advanced features temporarily. If I upgrade now, can I downgrade back to the basic plan before the next billing cycle? Will I be prorated?",Subscription
TKT-00941,Unable to delete payment method,"I am trying to remove my old debit card from the system, but it says I must have at least one valid payment method on file. I don't want to add a new card yet because I'm planning to cancel. What should I do?",Subscription
TKT-00942,Gift card not working for subscription payment,I bought a gift card to cover my subscription costs but the system keeps declining it at checkout. The balance is definitely sufficient for the monthly fee. Please help me get this redeemed.,Subscription
TKT-00943,Looking to cancel my professional subscription,I no longer have a need for the professional features as my team has downsized. I'd like to cancel the service effective immediately. Please confirm once this has been processed.,Subscription
TKT-00944,Subscription auto-renewal notification missing,"I was never notified that my subscription was about to renew. I would have canceled it if I had received a reminder beforehand. Since I have not used it, can I request a reversal of this charge?",Subscription
TKT-00945,Cannot find where to cancel my recurring payment,I have been looking through my profile settings for twenty minutes but cannot locate the option to stop my subscription. Please help me cancel this before the next billing cycle begins. I do not want to be charged again.,Subscription
TKT-00946,Unexpected charge on my bank statement,I noticed a charge for a subscription I thought I cancelled months ago. Could you please check my account status and process a refund for this month? I haven't even logged in to use the service in ages.,Subscription
TKT-00947,Switching from monthly to annual plan,I would like to change my current monthly plan to the annual subscription option to save some money. Is there a way to do this through the dashboard or do I need to contact support? Please let me know the steps involved.,Subscription
TKT-00948,Subscription active but service shows restricted access,"My payment went through successfully yesterday according to my bank, but my account still says I am on the free tier. I have tried logging out and back in, but the premium features are still locked. Can you refresh my account permissions?",Subscription
TKT-00949,Discount code not working for renewal,"I received a promo code for 20% off my subscription renewal, but the system keeps saying the code is invalid. I am currently on the checkout page and ready to pay. Could you please apply the discount manually for me?",Subscription
TKT-00950,Need an invoice for my company expense report,Could you please send me a PDF invoice for my last three months of subscription payments? My accounting department requires these for our expense reports. Thank you for your assistance with this request.,Subscription
TKT-00951,Upgrade issue with mobile app,"I tried to upgrade to the pro plan inside the mobile app, but the screen just freezes on the processing page. I am worried that I might get double-charged if I keep trying. Should I attempt this on the website instead?",Subscription
TKT-00952,Subscription price increase notification,I just saw an email stating that my subscription price is going up next month. I am not happy about this sudden hike in cost. Is there a loyalty discount available for long-term customers who want to keep their current rate?,Subscription
TKT-00953,Family plan member invite not working,"I am trying to add my spouse to my family plan, but the invite link just redirects to the landing page. We have tried different browsers and clearing our cache without any luck. How can I get them added to the account?",Subscription
TKT-00954,Double billed for this month,I see two separate charges for this month's subscription on my credit card statement. One was processed on the 1st and another on the 2nd. Please look into this immediately and issue a refund for the duplicate transaction.,Subscription
TKT-00955,Requesting a temporary pause on subscription,I will be traveling for work for the next two months and won't be able to use the platform. Is it possible to pause my subscription instead of cancelling it entirely? I'd like to resume my access once I return.,Subscription
TKT-00956,Payment method expired,"I got a notification that my card on file has expired. I updated the payment details in my settings, but I am not sure if the system picked it up for the next billing cycle. Could you confirm that my billing information is current?",Subscription
TKT-00957,Confused about subscription tiers,What exactly is the difference between the standard and the pro plan? I want to make sure I am getting the features I need before I commit to a yearly payment. A comparison chart would be very helpful.,Subscription
TKT-00958,Cancelling due to technical limitations,"I am cancelling because the software does not support the specific integration I need for my workflow. It's a great tool, but it just doesn't fit my current business requirements. Please confirm that my cancellation is processed.",Subscription
TKT-00959,Refund request for accidental purchase,I accidentally clicked the button for the annual plan when I only intended to purchase a single month. I realized my mistake immediately after the confirmation email arrived. Please help me revert this to a monthly plan and refund the difference.,Subscription
TKT-00960,Account locked after billing failure,"My subscription was interrupted because my card was declined due to an issue with my bank. I have resolved the issue with the bank now, but my account is still locked. Can you help me reactivate my services?",Subscription
TKT-00961,Where can I view my billing history?,I am trying to keep track of my subscription spending and I cannot find the billing history section. I checked the account settings but I am clearly missing it. Could you point me in the right direction?,Subscription
TKT-00962,Applying student discount,I am a current student and I heard that you offer a discount for people in school. How do I verify my student status to get the reduced rate? I have my university ID ready if needed.,Subscription
TKT-00963,Subscription not showing in my dashboard,"I upgraded to the premium version, but my dashboard still says I am on a trial. The charge already cleared on my bank account, so I am very confused. Please investigate why my subscription status hasn't updated yet.",Subscription
TKT-00964,Request to change currency,I recently moved to a different country and my billing is still showing in my old currency. Can I update my account to charge me in my current local currency? This will help me avoid foreign transaction fees.,Subscription
TKT-00965,Unable to upgrade my plan,"I have been trying to switch from the basic to the premium plan all morning. Every time I click the confirm button, the page just refreshes and nothing happens. Please help me fix this.",Subscription
TKT-00966,Double charged for this month,I noticed on my bank statement that I was billed twice for my subscription this month. Could you please look into this and process a refund for the extra charge? I have attached a screenshot of the transactions.,Subscription
TKT-00967,Cancellation request,I would like to cancel my subscription effective immediately. Please stop all future billing cycles and confirm that my account access will be terminated at the end of this month.,Subscription
TKT-00968,Update billing information failing,"My credit card expired, so I went to update my billing details, but the system keeps throwing an error message. I've tried using a different browser and clearing my cache, but the issue persists. Can you assist me with manually updating the card?",Subscription
TKT-00969,Subscription not recognized after payment,"I paid for the annual subscription yesterday, but my account still says I am on the free tier. I have the confirmation receipt if you need it. Please update my status as soon as possible.",Subscription
TKT-00970,Clarification on promotional discount,"I received an email offering a discount on the yearly plan, but the code isn't working at checkout. Is the promotion still active? I'd really like to lock in that price before the offer expires.",Subscription
TKT-00971,Auto-renewal turned off but charged,"I made sure to toggle off auto-renewal last month because I didn't want to continue the service. Despite this, I was charged again today. This is very frustrating and I would appreciate an immediate reversal of the charges.",Subscription
TKT-00972,How do I switch to a monthly plan?,"Currently, I am on an annual billing cycle, but I would prefer to switch to monthly payments starting next period. Where can I find the option to change this setting in my dashboard? I don't see any obvious button for it.",Subscription
TKT-00973,Missing receipt for subscription payment,I need a copy of my tax invoice for the payment I made last week for my subscription. I haven't received anything in my inbox yet. Could you please send me a PDF copy?,Subscription
TKT-00974,Price hike notification confusion,"I saw that prices are increasing next month, but I thought I was locked into a grandfathered rate. Can you confirm if my existing subscription will be affected by this change? I have been a loyal customer for three years now.",Subscription
TKT-00975,Trouble accessing premium features,"I am paying for the pro account, but I am still locked out of the advanced data tools. It says I need to upgrade, but my billing page says my subscription is active and paid. This is very confusing.",Subscription
TKT-00976,Requesting a refund for unused time,"I completely forgot to cancel my subscription before it renewed last week, and I haven't used the service since. Since it's only been a few days, can I get a pro-rated refund? I would really appreciate the help.",Subscription
TKT-00977,Subscription paused status error,"I paused my subscription last month, but when I logged back in today, it prompted me to start a brand new trial. How do I reactivate my original subscription without losing my historical data? I just want to resume my account.",Subscription
TKT-00978,Payment method validation failing,"I'm trying to add a new debit card, but the platform is rejecting it even though I have sufficient funds. Is there a problem with the payment processor currently? Please advise on what I should do.",Subscription
TKT-00979,Multiple accounts linked to one payment,I seem to have two separate accounts under my name and both are being billed. I only intended to have one subscription active. Can you merge them and refund the duplicate payment?,Subscription
TKT-00980,Failed payment alert,"I received an email saying my payment failed, but my bank says there was no attempt to charge the card. Can you try to re-run the payment or provide a link for me to pay manually? I want to ensure my service isn't interrupted.",Subscription
TKT-00981,Inquiry about student discount eligibility,I am a full-time student and heard there might be a discount available for subscriptions. How do I verify my student status to get this applied to my account? Thanks in advance.,Subscription
TKT-00982,Subscription expired prematurely,"My annual subscription was supposed to be valid until December, but my account expired today. It says my account is inactive even though I have the payment confirmation. Please fix this error immediately.",Subscription
TKT-00983,Need to update business billing details,My company name changed and I need to update the tax information on my subscription invoices. I don't see a place to update company details in the account settings. Can you help me with this?,Subscription
TKT-00984,Subscription feedback,"I'm canceling because the price has become a bit too high for my current budget. I've enjoyed the service, but I just can't justify the cost anymore. Thanks for all your support over the past year.",Subscription
TKT-00985,Unable to upgrade my monthly plan,"I have been trying to upgrade my subscription to the premium tier for the last hour. Every time I click the confirm button, the page just refreshes and nothing happens. Please help me fix this so I can access the extra features.",Subscription
TKT-00986,Double charged for this month,"I noticed two identical charges on my bank statement for this month's subscription. I only have one account, so I am not sure why I was billed twice. Can you please check my billing history and issue a refund for the extra charge?",Subscription
TKT-00987,How do I cancel my subscription?,I've been looking around my dashboard for twenty minutes but I can't find a button to stop my recurring payments. I don't want to be charged for next month. Could someone provide instructions on how to cancel properly?,Subscription
TKT-00988,Issue with renewing annual plan,"My annual subscription is set to expire in two days, but the renewal notification link is broken. I want to keep my service running without interruption. How can I manually process the payment?",Subscription
TKT-00989,Unexpected price increase,I saw an email about my subscription cost going up starting next cycle. I signed up under a fixed price agreement and was not expecting this change. Is there any way to keep my current rate?,Subscription
TKT-00990,Switching billing cycle,I want to change from a monthly subscription to an annual one to save some money. I don't see an option in the settings menu to switch plans. Can you assist me with this transition?,Subscription
TKT-00991,Payment method expired,My credit card on file just expired and now my account is locked. I tried updating the card details but the site keeps giving me an error message. I really need to get back into my workspace today.,Subscription
TKT-00992,Promotional code not working,I have a discount code for my subscription renewal but the system says it is invalid. I checked the expiration date and it should still be active for another week. Can you look into this for me?,Subscription
TKT-00993,Charged after canceling,"I canceled my subscription last month, yet I just received another charge notification. I have a confirmation email from my previous cancellation request. Please refund this unauthorized payment immediately.",Subscription
TKT-00994,Invoice missing,"I need to submit my subscription expenses to my accounting department, but I never received this month's invoice. Could you please send me a PDF copy of my recent billing statement? I would really appreciate the help.",Subscription
TKT-00995,Student discount application,I am currently enrolled in university and would like to apply the student discount to my subscription. Is there a verification process I need to go through? Please let me know the required steps.,Subscription
TKT-00996,Subscription active but cannot access content,"My credit card was charged yesterday, but my account still says I am on the free tier. I have refreshed my browser and logged back in, but nothing changes. Please sync my payment status as soon as possible.",Subscription
TKT-00997,Can I pause my subscription instead?,"I will be traveling for the next three months and won't be able to use the service. Rather than canceling completely, is there an option to pause my subscription? I would like to keep my saved settings.",Subscription
TKT-00998,Billing date request,"My current billing date is the 15th, but I get paid on the 1st of the month. Is it possible to move my billing date to a different time? This would make my personal budgeting much easier.",Subscription
TKT-00999,Trouble updating payment info,I am getting a generic error whenever I try to save my new debit card. I have confirmed with my bank that the card is active and has sufficient funds. Is there a specific browser I should be using?,Subscription
TKT-01000,Gift subscription question,I want to purchase a subscription for a friend as a birthday gift. Do you offer gift cards or a way to pay for someone else's account for a full year? I want to make sure it covers everything they need.,Subscription
TKT-01001,VAT refund inquiry,I am a business owner and noticed that VAT was added to my subscription charge. I have a valid tax identification number that should exempt me from this. How can I provide my details to get a refund?,Subscription
TKT-01002,Account showing as expired,"My dashboard says my subscription expired yesterday, but I set it to auto-renew. I definitely have funds in my account, so the payment should have gone through. Please check why the payment failed.",Subscription
TKT-01003,Need a receipt for business expenses,I really need a formal receipt for my subscription purchase that includes my company name and address. The standard email receipt isn't sufficient for my company's audit requirements. How can I generate a tax invoice?,Subscription
TKT-01004,Downgrade request,The current plan is way more than I need and I want to switch to the basic package. Will I receive a prorated refund for the remainder of the month if I switch now? Please explain how this works.,Subscription
TKT-01005,Unable to cancel my recurring subscription,I have been trying to cancel my plan for three days but the button on the dashboard is greyed out. I do not want to be charged for another month. Please process this cancellation immediately.,Subscription
TKT-01006,Application keeps freezing when opening large files,"Every time I try to load a project file over 50MB, the interface completely locks up for several minutes. I have checked my memory usage, and it seems like the software just hits a wall. Is there a cache setting I can adjust to help this?",Performance
TKT-01007,Severe latency issues during peak hours,"The system is consistently sluggish between 2 PM and 5 PM every day. It takes nearly ten seconds just to switch between modules, which is killing my productivity. Is this a known server capacity issue?",Performance
TKT-01008,Dashboard takes forever to load,My main dashboard is taking way too long to populate the widgets. It sits on the loading spinner for at least thirty seconds before showing any data. This started happening after the last update.,Performance
TKT-01009,Significant input lag in the editor,There is a noticeable delay between me typing characters and them appearing on the screen. It feels like the application is struggling to keep up with simple text input. Please let me know what logs I should send over.,Performance
TKT-01010,Video playback stuttering frequently,"I am having a lot of trouble watching the training videos because the stream stutters every few seconds. My internet connection is fine, so I suspect something is wrong with the player optimization. Can you help me fix this?",Performance
TKT-01011,Database queries running extremely slow,The report generation tool is timing out on anything but the smallest datasets. Our current workflow is halted because of this performance degradation. Could you check if there is an issue with the backend query optimization?,Performance
TKT-01012,System memory leak after prolonged use,"The application consumes significantly more RAM the longer it stays open. After about four hours of use, my entire machine slows down to a crawl. I have to restart the software multiple times a day to maintain performance.",Performance
TKT-01013,Slow authentication process,Logging in takes way longer than it used to. Sometimes I get stuck on the spinning circle for nearly a minute before the homepage actually loads. Is there a way to speed up the initial authentication handshake?,Performance
TKT-01014,Mobile app unresponsive on launch,"The app just hangs on the splash screen every time I open it on my phone. I have tried clearing the cache and reinstalling, but the performance remains abysmal. This is making the mobile version unusable.",Performance
TKT-01015,Export functionality is failing due to timeout,Trying to export my data to a spreadsheet is causing the system to hang indefinitely. It eventually just gives me a generic error message after ten minutes of trying. Is there a limitation on how much data can be exported at once?,Performance
TKT-01016,UI elements rendering slowly,"When I hover over the menu, the sub-items take a noticeable fraction of a second to animate in. It feels clunky and unpolished compared to how it worked last month. Are you guys aware of these UI thread bottlenecks?",Performance
TKT-01017,API response times spiking,We are seeing intermittent spikes in response times from your API. This is causing our own services to fail their health checks. We need to understand why the latency is so volatile right now.,Performance
TKT-01018,Page scrolling is choppy,"Scrolling through the activity feed is not smooth at all; it feels like the frame rate drops significantly. It is very jittery and makes it hard to read the content. I am using a high-end monitor, so I know it is not my hardware.",Performance
TKT-01019,Syncing process is dragging down performance,"Whenever the background sync kicks in, the rest of the application becomes unresponsive. It would be better if the sync process used fewer system resources. Can we throttle the background activity?",Performance
TKT-01020,Search results take too long to return,"Performing a global search takes way too many attempts to display results. Even when searching for very common terms, the delay is frustrating. It used to be nearly instantaneous, what changed?",Performance
TKT-01021,Hardware acceleration issues on Linux,"The software is performing poorly on my workstation, specifically with hardware acceleration enabled. If I turn it off, the UI is slow, but if I leave it on, the whole app crashes. There seems to be a conflict with the current build.",Performance
TKT-01022,Slow batch processing speeds,"We tried running a batch upload of 500 items, and it took over an hour to complete. Usually, this should take no more than five minutes. Is there a queue backlog on your end?",Performance
TKT-01023,Browser tab crashes due to high CPU,"The web portal is consistently spiking my CPU usage to 100 percent. Eventually, the browser tab just crashes and I lose my unsaved work. This happens every time I open the analytics tab.",Performance
TKT-01024,Image uploading is sluggish,"Whenever I try to attach images, the progress bar moves at a snail's pace. It makes managing my project assets extremely time-consuming. Is there a server-side limitation on upload speeds?",Performance
TKT-01025,Plugin loading causing startup delay,I noticed the application takes almost a full minute to launch. I suspect the third-party plugins are causing some major bottlenecks during the startup sequence. Can I disable some of them to see if it improves performance?,Performance
TKT-01026,Application keeps freezing during export,"Every time I try to export my project to a PDF, the whole application just freezes up. I have to force quit and restart, which is really killing my productivity today. Could you please look into why this is happening?",Performance
TKT-01027,Severe latency when typing in the editor,There is a noticeable two-second delay between when I press a key and when the character appears on the screen. It makes writing code nearly impossible. Is there a cache I can clear to fix this?,Performance
TKT-01028,Dashboard loading times are unacceptable,The admin dashboard is taking over thirty seconds to render the primary data table. My team relies on this for real-time monitoring and this delay is causing major operational issues. Please investigate the backend response times immediately.,Performance
TKT-01029,UI sluggishness on mobile devices,I noticed that the mobile interface is very jerky when scrolling through long lists. It feels like the frame rate drops significantly compared to the desktop version. Can this be optimized for better performance?,Performance
TKT-01030,High CPU usage while idle,"Even when I am not doing anything in the app, my computer fans start spinning at max speed. I checked the task manager and the application is using 40% of my CPU constantly. This shouldn't be happening when it's idle.",Performance
TKT-01031,Slow file uploads,Uploading files that are only a few megabytes is taking forever. It seems to hang at 99% for a long time before finishing. Is there an issue with your servers today?,Performance
TKT-01032,Search function is extremely slow,"Whenever I use the search bar, it takes forever to return any results. It used to be instantaneous, but lately, I have to wait a good ten seconds. It is very frustrating.",Performance
TKT-01033,Memory leak detected in desktop client,"I have observed that the memory usage of the desktop client grows steadily the longer it stays open. Eventually, it consumes all available RAM and the system crashes. I am on the latest version, so I assume this is a bug.",Performance
TKT-01034,Slow page transitions,Navigating between tabs takes a long time to load the content. The layout flickers and takes a while to populate with data. Please check if there is a way to speed up the page transitions.,Performance
TKT-01035,App crashes during high traffic,"We have noticed that during our peak hours, the application starts to error out frequently. It seems like the system cannot handle the increased load. Can we look into scaling our resources?",Performance
TKT-01036,Image rendering is laggy,"When I open the photo gallery, the images take a long time to sharpen and render clearly. They look blurry for several seconds before loading properly. Is this a network issue on my end or a server side delay?",Performance
TKT-01037,Slow database queries,"I am trying to run a report for the last month, but the query times out before completion. It seems like the database performance has degraded significantly over the last few weeks. Please optimize the query or increase the timeout limit.",Performance
TKT-01038,Input lag in the game client,The controls feel really heavy and unresponsive lately. There is a clear delay between clicking my mouse and the action happening on screen. It is making the game unplayable.,Performance
TKT-01039,API response times are spiking,Our integration seems to be failing because your API is returning responses way slower than the documented SLA. We are seeing spikes up to five seconds per request. This is impacting our service availability.,Performance
TKT-01040,Slow initial startup,"It takes nearly a full minute for the software to fully launch on my machine. My computer is quite powerful, so I am sure it is not my hardware. Is there a way to speed up the startup sequence?",Performance
TKT-01041,Slow data syncing,The sync between my mobile app and the cloud is taking forever. I updated some entries over an hour ago and they still haven't appeared on the web portal. I have tried logging out and back in but it didn't help.,Performance
TKT-01042,Lag during video playback,"The video player keeps stuttering every few seconds, even though my internet connection is perfectly fine. I have tried lowering the resolution but the problem persists. Any suggestions on how to make it smoother?",Performance
TKT-01043,Report generation is too slow,Generating a monthly summary takes way longer than it used to. It seems to just sit on the loading screen for minutes before finalizing. Can you help me figure out why this is slowing down?,Performance
TKT-01044,General system slowdown,The whole platform feels much slower than it was last month. Clicking buttons feels sluggish and nothing responds as quickly as it should. Has there been a recent update that might have caused this?,Performance
TKT-01045,Dashboard filters causing severe lag,"Every time I apply a filter to the dashboard, the page hangs for a very long time. It feels like it is trying to re-calculate everything from scratch. This makes filtering data practically useless for our workflow.",Performance
TKT-01046,Application freezing during data export,The app consistently hangs whenever I try to export my monthly reports. It just spins on the loading screen and then crashes after about five minutes. Is there a way to make this run faster?,Performance
TKT-01047,Significant latency on dashboard,I'm noticing a huge delay when switching between tabs on the main dashboard. It takes nearly ten seconds for the data to populate each time. This is really slowing down my workflow.,Performance
TKT-01048,Slow page load times after update,"Ever since the latest platform update, everything feels sluggish. The pages take forever to render even on a high-speed fiber connection. Please investigate why the response times have degraded so much.",Performance
TKT-01049,Query timeout errors during peak hours,Our team is getting constant timeout errors during our morning stand-up meetings. It seems like the server can't handle the load when we all log in at once. Do we need to upgrade our resource allocation?,Performance
TKT-01050,Mobile app performance is unusable,The mobile version of your software is incredibly slow today. Scrolling is stuttering and button presses take forever to register. It makes managing my tasks on the go nearly impossible.,Performance
TKT-01051,High memory consumption on desktop,"Your desktop application is eating up all my laptop's RAM. It consistently sits at over 2GB of usage, causing my entire computer to lag. I have already tried reinstalling the software, but it didn't help.",Performance
TKT-01052,Upload speeds are extremely slow,I have been trying to upload a small batch of images for the last hour. The progress bar barely moves and the app keeps saying 'calculating remaining time'. What is causing this bottleneck?,Performance
TKT-01053,UI responsiveness issues,There is a noticeable delay between my clicks and the UI response. It feels like the interface is running on a very old machine. Everything just feels heavy and unresponsive.,Performance
TKT-01054,API response time spike,Our integration is reporting that API calls are taking significantly longer to process than they did last week. We haven't changed any of our code on this end. Could you please check if there is an issue on your backend?,Performance
TKT-01055,System slow to wake from idle,"Every time I step away from my computer for more than ten minutes, the system becomes unresponsive when I return. I have to force quit and restart to get it working again. This is very frustrating.",Performance
TKT-01056,Video playback buffering constantly,"The embedded training videos refuse to play smoothly. They keep buffering every few seconds, which makes it impossible to follow the instructions. I have cleared my cache, but the issue persists.",Performance
TKT-01057,Bulk actions causing system hang,"When I try to perform a bulk delete on my files, the browser window stops responding entirely. It eventually crashes my whole session. Is there a limit to how many items I can handle at once?",Performance
TKT-01058,Graphics rendering lag,The visual elements in the application are rendering very slowly today. It looks like the graphics card isn't being utilized correctly. Are there any specific display settings I should adjust?,Performance
TKT-01059,Database connection lag,We are experiencing significant lag when querying historical data. It takes upwards of 30 seconds to return even simple results. This used to be instantaneous; what has changed?,Performance
TKT-01060,Slow initial login time,It takes over a minute just to log into the platform. The spinning wheel just sits there indefinitely before I finally see my dashboard. This happens on every browser I have tested.,Performance
TKT-01061,CPU usage remains high,"My CPU usage jumps to 90% immediately upon opening your app. Even when I am not actively doing anything, the fan on my laptop kicks in full speed. Please look into this resource leak.",Performance
TKT-01062,Search function is lagging,The search bar is taking way too long to show results as I type. It seems like it's trying to scan the entire database with every keystroke. Can you implement a debounce or optimize the search speed?,Performance
TKT-01063,Unstable performance during syncing,"Whenever the application runs an auto-sync, the whole interface freezes for several seconds. It's very disruptive to my work. Can the sync process happen in the background without locking the UI?",Performance
TKT-01064,Latency spikes in dashboard widgets,The widgets on my dashboard are all out of sync. Some update immediately while others take a long time to load. It makes the data look inconsistent and confusing.,Performance
TKT-01065,Performance degradation over long sessions,"If I leave the app open for more than a few hours, it gets slower and slower. Eventually, I have to refresh the page to get normal speeds back. It seems like there is a memory leak over time.",Performance
TKT-01066,Application lagging during peak usage,The platform becomes incredibly sluggish whenever I try to run reports during mid-day hours. It takes nearly thirty seconds just to load a single dashboard page. Is there any way to optimize these requests or is the server just overloaded?,Performance
TKT-01067,Severe latency when saving projects,"Every time I click save on a project, the spinning wheel hangs for a solid minute. This is really slowing down my workflow and making me worry about losing progress. Please investigate why the latency is so high today.",Performance
TKT-01068,UI elements unresponsive after update,"Since the recent update, the interface feels heavy and unresponsive. Clicking buttons results in a noticeable delay before anything actually happens. It's making it very difficult to complete simple tasks efficiently.",Performance
TKT-01069,Dashboard loading times are excessively long,"My main dashboard is taking forever to populate with data. It used to be instantaneous, but now I have to wait quite a while. Can you look into the database performance on your end?",Performance
TKT-01070,Constant buffering on video playback,"I am trying to watch the training modules, but the video keeps stopping to buffer every few seconds. My internet speed is perfectly fine on other platforms. There is definitely an issue with the video delivery service.",Performance
TKT-01071,High CPU usage by the desktop client,I noticed that the application is consistently using over 80% of my CPU even when idle. This is causing my laptop fans to run at max speed constantly. Do you have a fix for this memory leak or optimization issue?,Performance
TKT-01072,System timeout errors occurring frequently,I keep getting timeout errors whenever I try to export large data sets. The operation starts fine but then just hangs until the page crashes. I have tried this multiple times with no success.,Performance
TKT-01073,Significant slowdowns on mobile version,Using the app on my phone is becoming impossible because of how slow it scrolls. The images take forever to render and the navigation bar barely responds to touch. It feels like the app is just too heavy for mobile browsers.,Performance
TKT-01074,Search function returning results too slowly,"I used to get search results in milliseconds, but now it takes a good five seconds per query. It is really disruptive when I am trying to look up information quickly during client meetings. Please check if there is an issue with the indexing.",Performance
TKT-01075,Unexpected application freezes,The app freezes completely about three or four times a day without warning. I have to force quit the task and restart it every time. It is becoming extremely frustrating to work this way.,Performance
TKT-01076,Page rendering issues and slow load times,"Whenever I navigate between pages, the text renders, but the styling takes a few seconds to kick in. It looks broken for a moment before snapping into place. It seems like the CSS files are not loading properly.",Performance
TKT-01077,API response time is inconsistent,"We are noticing sporadic latency spikes when calling your API endpoints. Sometimes it responds in 100ms, but other times it jumps to over 3 seconds. Can you provide information on your current server load or maintenance schedule?",Performance
TKT-01078,System hanging during file uploads,"I tried uploading a small document but the progress bar just stuck at 99%. It didn't throw an error, it just sat there indefinitely. I eventually had to refresh the page and start over.",Performance
TKT-01079,Software performance degrades over time,"If I keep the application open for more than an hour, it starts stuttering and lagging significantly. If I restart it, everything is smooth again. It feels like there is a performance degradation issue over time.",Performance
TKT-01080,Batch processing taking too long,My scheduled batch jobs are taking twice as long as they did last week. Nothing has changed on our end regarding the data volume. Is there a throttling policy active on your servers?,Performance
TKT-01081,Slow transitions between menu screens,The animations when switching between tabs are very choppy. It feels like the frame rate drops significantly during these transitions. Is there a way to turn off these animations to improve performance?,Performance
TKT-01082,Database query performance seems degraded,Queries that usually run in sub-second time are now taking upwards of 5 seconds. I have double-checked my syntax and everything looks correct. It seems like there might be an issue with the underlying database performance.,Performance
TKT-01083,Input lag when typing in fields,There is a noticeable delay between me typing on my keyboard and the text appearing in the form fields. It is making it really hard to type correctly. I have tried different browsers but the issue persists.,Performance
TKT-01084,Heavy load times on login,"I have been waiting for the login screen to appear for a few minutes now. It just shows the logo and nothing else happens. I cleared my cache and cookies, but the problem remains.",Performance
TKT-01085,Application unresponsive during data sync,"Whenever the background sync runs, the entire application becomes unusable. I can't click anything or even scroll until the sync finishes. Is there a way to perform this sync without locking the UI?",Performance
TKT-01086,Application lagging during data export,The system completely freezes whenever I try to export my report to a PDF. It stays stuck at 0% for several minutes before eventually crashing the entire browser window. This is slowing down my end-of-day workflow significantly.,Performance
TKT-01087,Severe latency in dashboard loading,"Is anyone else experiencing slow loading times today? It takes almost thirty seconds for my main analytics dashboard to populate any data. I have cleared my cache, but the issue persists across multiple devices.",Performance
TKT-01088,Excessive memory usage,I have noticed that the desktop client consumes over 4GB of RAM after just an hour of use. It makes my computer fan run at maximum speed and prevents me from running other necessary applications. Please look into this memory leak.,Performance
TKT-01089,Slow search results,Searching for past records is taking way longer than it used to. It seems to hang on the loading screen for a long time before returning any results. Can you optimize the database queries for faster retrieval?,Performance
TKT-01090,Platform unresponsive during peak hours,The site is unusable between 2 PM and 4 PM every single day. I keep getting timeout errors whenever I try to save my progress. Are you having server capacity issues?,Performance
TKT-01091,Video playback stuttering,"The training videos on your platform keep buffering every few seconds. My internet connection is perfectly fine, and other streaming services work without any hiccups. Is there a bandwidth limit on your end?",Performance
TKT-01092,Slow file uploads,"I am trying to upload a small 5MB image, but the progress bar barely moves. It has been stuck at 10% for over five minutes now. This is extremely frustrating for such a simple task.",Performance
TKT-01093,UI elements taking forever to render,"When I hover over the navigation menu, there is a noticeable half-second delay before the sub-menu appears. It feels very sluggish and unresponsive compared to the previous version. Please fix the front-end performance.",Performance
TKT-01094,API response time is high,We are seeing response times exceeding 2000ms for standard GET requests. Our integration depends on faster turnaround times for real-time updates. Can you provide information on current server load or expected latency?,Performance
TKT-01095,App startup is very slow,"Every time I open the app, it sits on the splash screen for nearly a full minute. I am using the latest version on a modern machine, so this should not be happening. Is there something I can do to speed up the initialization?",Performance
TKT-01096,Background sync causes system freeze,The automatic background synchronization is hogging all my system resources. My machine becomes completely unresponsive while the sync is active. Can we get an option to disable auto-sync during work hours?,Performance
TKT-01097,Page scrolling is jittery,Scrolling through the long list of items in the main window is very choppy and laggy. It doesn't feel smooth at all and makes me dizzy. Could you look into the rendering performance of the list view?,Performance
TKT-01098,Login process hangs,"I enter my credentials and click sign in, but it just shows a loading spinner for a long time before finally logging me in. Sometimes it even times out entirely. It used to be instantaneous.",Performance
TKT-01099,Data table loading delays,"When I filter the main table for large datasets, the app hangs for several seconds. It seems like the client-side sorting is struggling with more than a hundred rows. Is there a way to optimize this?",Performance
TKT-01100,Unexpected high latency in region,I am based in the Europe region and the latency is consistently over 300ms. Everything feels very distant and slow to respond. Are there issues with the local servers in this area?,Performance
TKT-01101,Application freezes during bulk update,"I attempted to update fifty records at once, and the application became completely unresponsive. I had to force quit and restart. Why can't it handle bulk operations without crashing?",Performance
TKT-01102,General site slowness,"The whole platform has been feeling really sluggish all morning. Pages are taking forever to load, and clicks are not registering immediately. Is there some maintenance going on right now?",Performance
TKT-01103,High CPU usage on idle,"Even when the app is just sitting in the background, it keeps my CPU usage at 30%. This is draining my laptop battery incredibly fast. Please address this efficiency issue.",Performance
TKT-01104,Input lag in text fields,There is a noticeable delay between typing a character and it appearing on the screen. It is making it very difficult to type long descriptions in the text areas. This started happening after the last update.,Performance
TKT-01105,Database query performance,The report generation module is timing out frequently today. It looks like the underlying query is taking too long to execute on your servers. Can you check if the indexes are optimized for these report types?,Performance
TKT-01106,Application freezes during data export,The application consistently hangs whenever I try to export my report to a CSV file. It just shows a spinning wheel for ten minutes before finally crashing. Can you look into why this process is consuming so much memory?,Performance
TKT-01107,Severe latency when loading the dashboard,It takes nearly thirty seconds for my main dashboard to finish populating the data widgets. This is significantly slower than it was last week. Is there a server-side bottleneck happening right now?,Performance
TKT-01108,Website responsiveness is terrible on mobile,"The mobile version of your site is incredibly sluggish, specifically when trying to scroll through lists. Buttons take forever to register a click, which makes the whole experience frustrating. Please optimize your scripts for mobile browsers.",Performance
TKT-01109,High CPU usage on desktop client,"Your software is maxing out my CPU even when it is sitting idle in the background. My fans kick in constantly, and it makes my computer run very hot. Please release an update to fix these background resource leaks.",Performance
TKT-01110,Slow search results in the database,"I am noticing a massive delay when running queries in the search bar. It used to be instantaneous, but now I wait five seconds just to get basic results. Our database volume has not increased that much, so what changed?",Performance
TKT-01111,Videos are buffering constantly,I cannot watch any of the training videos because they buffer every three seconds. My internet connection is perfectly stable for other platforms. Is there an issue with your video delivery network?,Performance
TKT-01112,API response time spike,Our integration is reporting 5000ms latency on all GET requests since this morning. This is causing timeouts on our end and breaking our production workflow. Could you check if your API servers are under heavy load?,Performance
TKT-01113,Platform feels sluggish after latest update,"Since the update yesterday, everything feels like it is moving through molasses. Navigation between pages is no longer smooth and snappy. I hope you guys are working on a performance patch.",Performance
TKT-01114,Dashboard widgets not loading consistently,"Half of the time, my data widgets just show a blank space instead of loading the charts. Refreshing the browser fixes it sometimes, but not always. It feels like a timeout issue on the backend.",Performance
TKT-01115,Excessive loading times for large accounts,Loading the overview page for our largest client takes over a minute. It seems like the system struggles when there are thousands of records to display. Is there any way to implement pagination to improve speed?,Performance
TKT-01116,Unexpected stuttering during video playback,"Every time I try to view a recording, the audio and video get out of sync because of the stuttering. It makes it impossible to review the meeting notes. Is there a cache setting I should clear?",Performance
TKT-01117,System slow during peak business hours,"Every afternoon around 2 PM, the entire application slows down to a crawl. I assume this is when server traffic is highest. Are there plans to increase your server capacity?",Performance
TKT-01118,Memory leak causing crashes,"If I leave the dashboard open for more than an hour, the memory usage climbs until the browser tab crashes. This is a recurring issue that has been happening for a few days now. Please investigate the client-side memory handling.",Performance
TKT-01119,Data sync process is stalling,"The sync icon has been spinning for twenty minutes without updating any data. I have restarted my router and the app, but nothing changes. Why is the synchronization so slow today?",Performance
TKT-01120,UI elements are delayed,"When I type into the search box, the text takes a full second to appear on the screen. It feels very unresponsive and makes it hard to use the system efficiently. Can you improve the input latency?",Performance
TKT-01121,Database connection timeouts,We are getting frequent error messages about database timeouts during our peak load times. It looks like the system can't handle the current volume of concurrent users. Do we need to upgrade our plan to get better performance?,Performance
TKT-01122,Exporting files is extremely slow,"Why does it take so long to generate a simple PDF report? I used to get these in seconds, but now it takes minutes. The performance has really taken a dive recently.",Performance
TKT-01123,Browser hang on login screen,"The login page takes forever to become interactive. Even after the logo appears, the username field is unresponsive for a long time. It feels like there is a heavy script blocking the main thread.",Performance
TKT-01124,Slow response from the help center,"Even navigating your help articles is slow today. Everything takes a few seconds to load, which is very unusual for your platform. Is there an outage occurring?",Performance
TKT-01125,System performance degradation,"The system has become noticeably slower over the past week. I haven't changed my workflow, yet tasks that took seconds now take much longer. Is there any maintenance being done on the backend?",Performance
TKT-01126,Application keeps freezing during export,"Every time I try to export my project to a PDF, the whole application freezes up. I have to force quit and restart it, which means I lose all my recent changes. Is there a way to optimize this process so it doesn't crash every single time?",Performance
TKT-01127,Website latency is extremely high,"The site has been acting very sluggish all morning. Pages are taking upwards of ten seconds to load, which is making it impossible for me to get any work done today. Are there any known server issues right now?",Performance
TKT-01128,Severe input lag in the editor,"I am experiencing significant delay between typing characters and seeing them appear on the screen. It is only happening in the code editor window. My CPU usage is low, so I am not sure what is causing this slowdown.",Performance
TKT-01129,Dashboard loading times are unacceptable,"The main analytics dashboard takes forever to populate the data visualizations. It used to be nearly instantaneous last month, but now it hangs on the loading spinner for nearly a minute. Please look into this performance degradation immediately.",Performance
TKT-01130,System slowdown after latest update,"Since the update yesterday, my system performance has dropped significantly. Everything feels clunky and unresponsive compared to the previous version. Can I roll back to the old version until this is fixed?",Performance
TKT-01131,API response time spikes,"We are seeing intermittent latency spikes on your API endpoints. During peak hours, the response time is jumping from 50ms to over 3 seconds. It is causing a cascading failure in our own service integration.",Performance
TKT-01132,Interface stuttering when scrolling,"When I scroll through the list of items in the settings menu, the animation is very jerky and stutters constantly. It makes the platform feel really unpolished. Could you optimize the rendering for these lists?",Performance
TKT-01133,Mobile app is running very hot,My phone gets extremely hot every time I leave your app open for more than five minutes. It seems like the app is using excessive background processing power. Please optimize the resource usage for mobile devices.,Performance
TKT-01134,Slow data sync across devices,Changes made on my desktop take several minutes to reflect on the mobile client. It feels like the background synchronization is stuck or throttled. How can I force a faster update cycle?,Performance
TKT-01135,Unexpected memory leak,I have noticed the memory footprint of your application growing steadily until it eventually crashes my browser. It starts at a few hundred megabytes and climbs to several gigabytes if left open. This really needs to be addressed.,Performance
TKT-01136,Search function is lagging,"Whenever I use the global search bar, the results take a long time to appear. It used to be instant, but now it feels like I am waiting for an old dial-up connection. Is there a problem with the indexer?",Performance
TKT-01137,Slow initial load time on startup,"The software takes way too long to initialize whenever I launch it from my desktop. It sits on the splash screen for nearly thirty seconds before showing the login window. My hardware is quite modern, so I don't think it's a local issue.",Performance
TKT-01138,Rendering artifacts during high traffic,"When the platform is busy, the charts and graphs don't render correctly and show weird artifacts. Sometimes the data points just don't show up at all. It seems like the client-side rendering is struggling.",Performance
TKT-01139,Database query performance,"I am trying to run a report on the last six months of activity, but the operation keeps timing out. The query volume shouldn't be that high. Could you optimize the database indexes for these types of requests?",Performance
TKT-01140,App unresponsive on startup,"Every time I open the app, it remains frozen for a solid minute while it checks for updates. Can we turn off the auto-check feature or make it happen in the background? It is very frustrating to wait every time.",Performance
TKT-01141,Video playback is choppy,"The embedded videos in your training library are stuttering constantly. The audio is fine, but the video frames are dropping significantly. It makes it very hard to follow the tutorial.",Performance
TKT-01142,Massive performance drop with large files,"I am working with a document that has about fifty pages, and the performance is terrible. The cursor jumps around and typing is delayed by a full second. Is there a file size limit that I should be aware of?",Performance
TKT-01143,Slow file upload speeds,"Uploading files to your cloud storage is taking much longer than it does on other services. I have a fiber connection, but I am barely seeing any speed. Is your server throttling uploads?",Performance
TKT-01144,Background tasks killing CPU,I checked my task manager and your application is consistently using 40% of my CPU even when idle. This is draining my laptop battery in under two hours. Please investigate why this is happening.,Performance
TKT-01145,Lag during collaborative editing,"When my team is working on the same file, the changes take forever to propagate to other users. We often end up overwriting each other's work because of the lag. Is there any way to improve the sync speed for real-time collaboration?",Performance
TKT-01146,Application lagging during data exports,"Whenever I try to export my monthly reports to CSV, the entire interface freezes for several minutes. It eventually crashes my browser tab completely. Could you look into why the export process is so resource-heavy?",Performance
TKT-01147,Severe latency in the dashboard,The main dashboard has been running extremely slowly since this morning's update. It takes nearly ten seconds just to load simple widget data. This is really impacting my team's ability to monitor real-time metrics.,Performance
TKT-01148,High CPU usage on desktop client,I noticed that the desktop app is consuming nearly 90 percent of my CPU while idle. My laptop fan is running at max speed constantly. Please let me know if there is a way to optimize this.,Performance
TKT-01149,Page load times are unacceptable,"It feels like I am waiting forever for pages to render in the client portal. I have already cleared my cache and tried a different browser, but the issue persists. Is there a server-side performance issue currently?",Performance
TKT-01150,Slow file uploads,Why are my file uploads taking an eternity? A small 5MB PDF takes almost five minutes to finish uploading. My internet speed is perfectly fine for everything else.,Performance
TKT-01151,Persistent frame rate drops,"The interface animation feels very stuttery when I navigate between different modules. It used to be smooth, but now it feels like the frame rate has dropped significantly. It makes the platform feel clunky to use.",Performance
TKT-01152,System timeout errors,"I keep getting timeout errors whenever I run a search query across my full archive. It works fine for smaller date ranges, but larger ones fail every time. Can you increase the timeout limit for my account?",Performance
TKT-01153,Slow response time during peak hours,"Everything is super fast in the morning, but by mid-afternoon, the application crawls. It is consistently slow around 2 PM local time. Is this related to heavy server traffic?",Performance
TKT-01154,Application hang on startup,"Every time I launch the software, it hangs on the splash screen for at least a minute. Sometimes it just stays stuck there until I force quit it. Is there any background task causing this startup delay?",Performance
TKT-01155,Database query performance,My custom reports are taking over three minutes to populate the grid. It seems like the backend is struggling to aggregate the data efficiently. Can you look at optimizing these specific database calls?,Performance
TKT-01156,Significant lag while typing,There is a noticeable delay between me typing in the notes field and the text appearing on the screen. It is extremely distracting and makes it difficult to type long entries. Please help.,Performance
TKT-01157,Memory leak concerns,"After keeping the application open for a few hours, the memory usage climbs well over 2GB. It eventually becomes unresponsive and I have to restart the whole thing. This definitely seems like a memory leak.",Performance
TKT-01158,API calls returning slowly,I am integrating with your API and the response times are currently averaging around 3000ms. I was expecting something much faster for these simple GET requests. Is there any degradation in your network performance?,Performance
TKT-01159,Rendering issues on large datasets,"When I pull up a list containing more than 500 records, the table struggles to render. The browser becomes unresponsive until all items are displayed. Is there a plan for implementing better pagination?",Performance
TKT-01160,Slow login process,I have been waiting for the authentication screen to complete for ages. It just spins and spins after I enter my credentials. Is the authentication server down or just extremely slow?,Performance
TKT-01161,Performance degradation after latest patch,"Since the update installed last night, everything feels sluggish. Menus take an extra second to pop up and clicks are not being registered immediately. I was really hoping for improvements, not a regression.",Performance
TKT-01162,Audio syncing issues during playback,The video playback feature is suffering from major performance issues. The audio is out of sync with the video due to consistent frame drops. This is making it impossible to review our training materials.,Performance
TKT-01163,Background sync taking too long,The background synchronization process stays stuck at 99 percent for way too long. It is hogging system resources and preventing me from working in other parts of the app. Why is it so inefficient?,Performance
TKT-01164,Extreme latency on mobile app,"Using the app on my phone is becoming a chore because of how slow it is to load simple profiles. I have a strong Wi-Fi connection, so it has to be the app itself. Can you investigate why it's so slow?",Performance
TKT-01165,Slow image processing,"Uploading high-resolution photos used to be instant. Now, the compression and processing step takes forever to finish. Did you change the compression algorithm recently?",Performance
TKT-01166,Application freezing during data export,"Every time I try to export my report to a CSV, the entire dashboard freezes for several minutes. Sometimes it just crashes completely and I have to log back in. Could you please check if there is a memory leak on your server side?",Performance
TKT-01167,Severe latency on mobile app,"The app is super slow when I'm on the road. It takes ages just to load the main menu. I have a strong 5G connection so it's definitely the app, not my service.",Performance
TKT-01168,Dashboard loading times are unacceptable,It currently takes nearly thirty seconds for my primary dashboard to populate with data. This is preventing my team from completing their morning reviews on time. Is there any way to optimize these queries?,Performance
TKT-01169,Software hangs when switching tabs,I've noticed that switching between the analytics tab and the settings page causes a noticeable lag. The UI becomes unresponsive for about five seconds each time. This is really slowing down my workflow.,Performance
TKT-01170,Unexpected spikes in CPU usage,I've been monitoring my local system performance and your desktop client is consuming almost 90% of my CPU when idle. This makes my fan run at full speed and drains my battery instantly. Please look into this process inefficiency.,Performance
TKT-01171,System slow during peak hours,"Everything works fine in the morning, but by 2 PM, the platform becomes incredibly sluggish. It feels like server congestion or something similar. Do you have planned maintenance during these times that might be causing this?",Performance
TKT-01172,Long delay when saving user profile,"Updating my profile information seems to hang indefinitely on the loading spinner. I've waited several minutes, but the changes never seem to commit. Is the backend service down for updates?",Performance
TKT-01173,Image rendering is very choppy,"When I scroll through the image gallery, the frames drop significantly. It looks very choppy and ruins the smooth experience I'm used to. Are there plans to optimize the media loading logic?",Performance
TKT-01174,Slow response time for API requests,"We are observing consistently high latency on the get-user-data endpoint. Our internal metrics show response times exceeding two seconds, which is impacting our own application's performance. Can you investigate the backend database bottlenecks?",Performance
TKT-01175,The interface is lagging,I click on things and nothing happens for like 3 seconds. It's really frustrating. Is there a way to make the button clicks faster?,Performance
TKT-01176,Login process taking too long,Authenticating my account takes way longer than it used to. Sometimes it just times out while the spinning wheel is going. I've tried clearing my browser cache but the issue persists.,Performance
TKT-01177,Video playback buffering constantly,"I'm trying to watch the training modules, but the video keeps stopping to buffer every few seconds. My internet speed is fine for other streaming sites. Could this be an issue with your video hosting server?",Performance
TKT-01178,Bulk updates causing application timeout,"I attempted to update fifty records at once, but the system timed out. I had to refresh and start the process all over again. Is there a batch size limit I should be aware of to prevent these crashes?",Performance
TKT-01179,Significant slowdown with large datasets,Our organization recently uploaded a much larger dataset and now the search feature is basically unusable. It just spins forever without returning results. Is there a way to implement indexing or optimize the search query for larger sets?,Performance
TKT-01180,Page content takes forever to render,"When I open the dashboard, the text elements appear instantly, but the charts take forever to draw. It looks like a rendering priority issue. Can you look into the frontend script execution order?",Performance
TKT-01181,Desktop app feels bloated and slow,The application consumes too much RAM for what it actually does. My computer slows down significantly whenever I keep your app open in the background. Please prioritize performance improvements in the next update.,Performance
TKT-01182,Click response delay,"There is a noticeable delay between me clicking a link and the page actually navigating. It makes the site feel broken or unresponsive. I'm using the latest version of Chrome, so that shouldn't be the issue.",Performance
TKT-01183,High latency on search results,The search bar is returning results very slowly compared to last week. Did something change in your backend infrastructure? It's really affecting my daily productivity.,Performance
TKT-01184,Application unresponsive on startup,"Whenever I launch the software, it sits on the splash screen for nearly a minute before opening. It used to open in seconds. Is there something I can do to speed up the launch?",Performance
TKT-01185,Slow file upload performance,"Uploading files to your cloud storage is taking an eternity. I'm on a fiber connection, so I know the upload speed is on your end. Are your servers experiencing high load right now?",Performance
TKT-01186,Application freezing during high usage periods,The software consistently hangs whenever I have more than three windows open simultaneously. It makes my workflow incredibly slow and forces me to restart the entire program. Please look into this as it is hindering my daily productivity.,Performance
TKT-01187,Severe latency issues on dashboard,I am experiencing significant lag when navigating between different tabs on the dashboard. It takes about five seconds to load simple data tables that used to be instantaneous. Is there a server-side delay happening right now?,Performance
TKT-01188,Website takes forever to load,"Why is your site so slow today? I've been waiting for the homepage to load for ages and it just keeps spinning. I have a fast internet connection, so the problem is definitely on your end.",Performance
TKT-01189,High CPU usage when idle,I noticed that the background process for your application is constantly consuming over 40% of my CPU even when I am not actively using it. This is causing my laptop fan to run loudly and draining my battery. Could you please investigate the memory leak?,Performance
TKT-01190,Slow export functionality,"Exporting reports to CSV has become agonizingly slow over the past week. It used to take a few seconds, but now it hangs at 99% for minutes before completing. Are you guys running any database maintenance that might be causing this?",Performance
TKT-01191,Significant UI stuttering,"The interface animations are very choppy and laggy on my desktop. I have a high-end monitor and graphics card, so this shouldn't be happening. Is there a way to disable hardware acceleration to see if that helps?",Performance
TKT-01192,Timeout errors when syncing data,"My data sync keeps failing with a gateway timeout error every time I try to push updates. I have tried clearing my cache, but the issue persists. Can you check if the API endpoints are experiencing high traffic?",Performance
TKT-01193,Performance degradation after latest update,"Ever since the software updated last night, everything feels much more sluggish. Buttons take longer to respond to clicks and the general responsiveness is just not the same. Please roll back the performance changes or fix this bug.",Performance
TKT-01194,Unable to load large datasets,The app crashes every time I try to filter a dataset with more than a thousand rows. It just spins indefinitely and eventually gives me a connection error. This is a major blocker for our data analysis team.,Performance
TKT-01195,Slow image rendering,It takes forever for images to render in the preview pane. Sometimes they don't load at all unless I refresh the page twice. Could you please check if there is an issue with your content delivery network?,Performance
TKT-01196,Input lag on text fields,I am noticing a delay between when I type and when the letters appear on the screen. It is incredibly frustrating to deal with when I am trying to type long-form content. Please fix this input latency issue immediately.,Performance
TKT-01197,Unexpected application slowdowns,"The platform works great for the first hour of my session, but then it starts to slow down significantly. It feels like a memory leak that gets worse the longer I stay logged in. Do you have any suggestions to mitigate this?",Performance
TKT-01198,Search function is extremely slow,"I'm trying to use the search bar, but it takes nearly ten seconds to return any results. It used to be blazing fast, but now it is basically unusable. Could you please check if your search index is out of sync?",Performance
TKT-01199,Mobile app performance is poor,The mobile version of your service is stuttering constantly. Scrolling through the feed is not smooth at all and makes me feel a bit motion sick. Are there any known issues with the latest mobile release?,Performance
TKT-01200,High latency during peak hours,"Every afternoon around 3 PM, the system becomes almost completely unresponsive. It seems like the server is overloaded during business hours. Do you plan to scale your infrastructure to handle this traffic?",Performance
TKT-01201,Video buffering issues,"The embedded videos in your training modules keep buffering every few seconds. My connection is stable, but the player seems to struggle. Can you optimize the bitrate or provide a lower quality option?",Performance
TKT-01202,System takes too long to authenticate,I am experiencing long delays during the login process. The loading spinner just stays there for way too long before finally letting me into my account. Is there a problem with the authentication servers?,Performance
TKT-01203,Slow batch processing,"I uploaded a batch of files for processing an hour ago and it is still stuck at 10% progress. Usually, this finishes within five minutes. Is there a backlog in the queue that I should be aware of?",Performance
TKT-01204,Unresponsive navigation menu,The side navigation menu frequently stops responding to clicks. I have to click multiple times before the items expand. It's very annoying to navigate around the app like this.,Performance
TKT-01205,Degraded performance on older hardware,"My work machine is a bit older, but it usually handles your app fine. Recently, the app has become almost impossible to use due to extreme slowness. Did you introduce any new scripts that are heavy on the browser?",Performance
TKT-01206,Application keeps freezing during peak usage hours,The interface becomes completely unresponsive whenever I try to export large reports. It usually happens around mid-morning. I have already tried clearing my browser cache but the issue persists.,Performance
TKT-01207,Suspicious login attempt from unknown location,I received an alert about a sign-in attempt from a different country this morning. I definitely did not try to access my account from there. Please lock my profile immediately to ensure my data remains safe.,Security
TKT-01208,Two-factor authentication code not arriving,"I have been trying to log in for the past hour, but the SMS code never reaches my phone. I have checked my signal and restarted my device multiple times. Is there an issue with your authentication server?",Security
TKT-01209,Request to reset security questions,I have completely forgotten the answers to my security questions. How can I go about resetting these so I can manage my account settings again? Please let me know what verification steps are required.,Security
TKT-01210,Concern regarding potential data breach,I keep seeing my information mentioned in third-party leak databases online. Can you confirm if my account has been compromised or if my credentials were part of a recent breach? I am very concerned about my privacy.,Security
TKT-01211,Unable to disable MFA,"I am trying to remove the secondary authentication layer because I am getting a new phone soon. However, the option to toggle this off is grayed out in my dashboard. Could you please assist me with this process?",Security
TKT-01212,API key exposure,"I accidentally committed my production API key to a public repository by mistake. I have already deleted the repository, but I need to know how to revoke the existing key and generate a new one. This is quite urgent.",Security
TKT-01213,Unauthorized changes to password,"Someone just changed my password without my permission. I managed to regain access through my email, but I am worried they still have access to my session tokens. Can you force a global logout for all active devices?",Security
TKT-01214,Security certificate error on login page,"Whenever I navigate to the login portal, my browser warns me that the connection is not private. It says the certificate is invalid or expired. I am afraid to enter my credentials; please look into this.",Security
TKT-01215,Suspicious activity detected in logs,"While reviewing my access logs, I noticed several failed attempts from an unfamiliar IP address. What steps should I take to harden my account further against these types of brute-force attacks? I want to ensure my data stays protected.",Security
TKT-01216,Biometric login failing consistently,My fingerprint authentication stopped working after the latest update. It keeps saying 'security error' and forces me to use my password instead. Is there a known bug with the biometric module?,Security
TKT-01217,Data export request for security audit,My company is conducting a security audit and we need a full export of my account access logs. Please provide instructions on how to download this data securely. We need this for our internal compliance review.,Security
TKT-01218,Reporting a phishing attempt,"I received an email claiming to be from your team asking me to verify my login credentials by clicking a link. I didn't click it, but I wanted to report this so others don't get tricked. It looked very convincing.",Security
TKT-01219,Account locked after too many attempts,I entered my password wrong too many times and now I am completely locked out. How long do I have to wait for the system to unlock? I need to get back in as soon as possible.,Security
TKT-01220,Need to rotate encryption keys,Our security policy requires us to rotate our encryption keys every six months. Could you point me to the documentation or settings page where we can manage these keys? I want to make sure I don't break our current integration.,Security
TKT-01221,Account shows active session on unknown device,"I noticed an active web session on a desktop computer that I do not own or recognize. I have already changed my password, but how do I terminate that specific session? Please help me clear all access points.",Security
TKT-01222,Security vulnerability report,I found a potential cross-site scripting vulnerability in your user profile form. I would like to report this through the proper channels. Who is the best person to speak with regarding responsible disclosure?,Security
TKT-01223,Suspicious email from support team,I got a message from an address that looks like yours asking for my account recovery code. I am worried that someone is impersonating your support staff. Please confirm if this is a legitimate request.,Security
TKT-01224,Request for enhanced password policy,Our security team is wondering if it is possible to enforce a stricter password policy for our sub-accounts. Can we require special characters and a specific length? Let me know what features you support.,Security
TKT-01225,Unexpected logout behavior,"My session expires after only five minutes of inactivity, which is extremely frustrating. I would like to adjust my security timeout settings to be more lenient. Is this something I can configure on my end?",Security
TKT-01226,Hardware security key setup,I recently purchased a hardware security key and want to link it to my account. I can't find the option to register a security key in the security settings menu. Where should I go to register this device?,Security
TKT-01227,Suspicious login attempt from another country,"I received an alert saying someone tried to sign into my account from a location I have never visited. I have already changed my password, but I want to make sure my data remains secure. Is there anything else I need to do to protect my profile?",Security
TKT-01228,Two-factor authentication code not arriving,I have been trying to log in for an hour but the verification code never reaches my device. I am stuck at the login screen and cannot access my account. Please help me resolve this so I can get back to work.,Security
TKT-01229,Concern regarding potential data breach,I heard rumors about a security vulnerability affecting your platform and I am worried about my personal information. Can you confirm if my account was impacted by any recent incidents? I would appreciate a clear answer regarding your current security status.,Security
TKT-01230,Unable to disable security questions,"I find the security questions extremely outdated and would prefer to use an authenticator app instead. Every time I try to update my settings, the interface freezes. Please tell me how I can switch to a more modern authentication method.",Security
TKT-01231,Account locked after too many failed attempts,"My account is currently locked because I forgot my password and tried to guess it too many times. I realize this was my mistake, but I need access urgently. How can I unlock it without waiting for the automated timer?",Security
TKT-01232,Need to export activity logs for audit,My company requires a full audit of all account activity for compliance reasons. I need to pull a secure report of every login and change made to my settings over the last six months. Could you guide me on how to export these logs securely?,Security
TKT-01233,Unknown device showing in my account settings,"I noticed an unknown device listed in my security dashboard that I do not recognize. I have logged out of all sessions, but I am still nervous about it. Can you tell me if this device accessed any sensitive files recently?",Security
TKT-01234,Password reset link is broken,"Every time I click the link in the password reset email, it redirects me to a 404 page. I have tried using a different browser, but the issue persists. I cannot regain access to my account until this is fixed.",Security
TKT-01235,Request for account deletion due to security concerns,I have decided to close my account permanently because I no longer feel comfortable with the security features provided. Please let me know the steps required to ensure all my information is scrubbed from your servers. I want confirmation once the deletion is complete.,Security
TKT-01236,Suspicious email appearing to be from your team,"I just received an email asking me to verify my login credentials by clicking a link. It looks like a phishing attempt, but I wanted to report it to you first. Could you verify if this communication was actually sent by your support department?",Security
TKT-01237,Recovery email not receiving reset instructions,"I requested a password reset, but the email never showed up in my inbox or my spam folder. My recovery email address is correct, but nothing seems to be getting through. I really need to get back into my dashboard today.",Security
TKT-01238,Enabling SSO for our enterprise team,Our security team requires us to implement Single Sign-On across all company software. Could you provide the technical documentation for integrating your platform with our current identity provider? We want to ensure all our team members are managed centrally.,Security
TKT-01239,Lost access to my authenticator app,"I got a new phone and forgot to migrate my authenticator app, so now I am locked out. I have my recovery codes, but I am not sure where to enter them on the login page. Please provide instructions on how to recover my access using these codes.",Security
TKT-01240,Unauthorized change to account recovery settings,Someone managed to change the email address associated with my account security notifications. I did not authorize this and I am terrified that my account is compromised. Please revert these changes immediately and secure the account.,Security
TKT-01241,Question about encryption standards,I am performing a security review for my company and need to know what encryption standards you use for data at rest. Can you provide a summary of your security protocols? This information is necessary for our vendor vetting process.,Security
TKT-01242,System logs show failed access attempts,I am monitoring my account activity and noticed constant failed login attempts from a range of IP addresses. Is there a way to blacklist specific locations or countries from accessing my account? I would like to lock this down as much as possible.,Security
TKT-01243,Security certificate warning on login page,My browser is throwing a warning that your site's security certificate is invalid. I am afraid to enter my credentials because I do not want to be phished. Can you look into why this warning is appearing?,Security
TKT-01244,Need to rotate API keys immediately,One of our developers accidentally pushed an API key to a public repository. We need to invalidate the existing key and generate a new one right away to prevent unauthorized access. How do we perform an immediate key rotation?,Security
TKT-01245,Reporting a potential vulnerability,I believe I found a flaw in your password reset flow that allows for user enumeration. I would like to report this to your security team so it can be patched. Who is the best point of contact for vulnerability disclosures?,Security
TKT-01246,Multi-factor authentication reset request,"My secondary device was stolen, and I no longer have access to my MFA codes. How can I prove my identity to get the MFA setting reset? I am the account administrator and need to regain control as soon as possible.",Security
TKT-01247,Suspicious login attempt from unknown location,"I received an automated alert about a sign-in from a city I have never visited. I immediately changed my password, but I want to know if there is any way to see exactly what data was accessed. Could you please check my account logs for any unauthorized activity?",Security
TKT-01248,Two-factor authentication not sending codes,"I am trying to log in, but the 2FA codes are not arriving in my text messages. I have restarted my phone and verified my signal strength, but nothing is coming through. This is preventing me from accessing my account and it is quite urgent.",Security
TKT-01249,Request to reset account security questions,I have forgotten the answers to the security questions I set up years ago. How can I go about resetting these so I can manage my account settings again? Please let me know what documents I need to provide to verify my identity.,Security
TKT-01250,Concerned about data encryption standards,"I am conducting a security audit for my department and need specific details on your encryption protocols for stored user data. Could you provide a white paper or documentation regarding your compliance with industry standards? Specifically, I am looking for information on your AES implementation.",Security
TKT-01251,Unable to disable multi-factor authentication,I lost access to the authenticator app I was using and need to disable MFA on my account. I have been through the help portal but cannot find the specific setting to turn it off. Please help me regain access to my profile.,Security
TKT-01252,Report potential phishing attempt,I received an email claiming to be from your company asking me to click a link to update my billing information. It looks somewhat suspicious and the sender address seems off. I wanted to report this so other users don't get tricked by the same scam.,Security
TKT-01253,Account locked after too many failed attempts,"I made a mistake typing my password several times and now my account is locked. I am positive I know the correct password now, but the system won't let me try again. How long do I have to wait before I can attempt to log in?",Security
TKT-01254,Security vulnerability report,I believe I have found a cross-site scripting vulnerability on your main login page. I would like to disclose this responsibly so your team can patch it as soon as possible. Who is the best point of contact for security reports?,Security
TKT-01255,Unauthorized changes made to profile,"Someone managed to change the recovery email address on my account without my permission. I only noticed when I saw the confirmation message in my inbox. I have already secured my email, but I need you to revert the settings on my profile.",Security
TKT-01256,Session timeout is too short,"The system logs me out after only five minutes of inactivity, which is extremely frustrating for my workflow. Is there a way to adjust the security timeout settings to be more permissive? I need a bit more time to complete my tasks without re-authenticating constantly.",Security
TKT-01257,Question regarding data privacy policy,I am reviewing my account settings and want to understand how my information is being shared with third parties. Can you point me to the section of your privacy policy that covers data retention and security? I want to ensure my information is kept strictly confidential.,Security
TKT-01258,Help with setting up hardware security key,I just bought a physical security key and want to link it to my account for better protection. I can't find the option in the security dashboard to register a new FIDO2 device. Could you please guide me through the setup process?,Security
TKT-01259,Device history looks incorrect,"I am looking at my authorized devices list and there are three entries I don't recognize. I have only ever used my laptop, so these look like they could be intruders. I have already selected the option to log out of all sessions, but I want to ensure these devices are permanently blocked.",Security
TKT-01260,Is my password strong enough?,I am trying to follow better security practices and want to make sure my current password meets your requirements. Does your system flag passwords that are commonly known or compromised in public breaches? I want to make sure I am fully protected.,Security
TKT-01261,Notification settings for security alerts,I want to make sure I get an immediate email notification whenever a new device logs into my account. I checked my settings but only see options for marketing emails. Where can I toggle the high-priority security alerts?,Security
TKT-01262,Audit log export request,"I need to export a report of all security-related actions taken on my account over the last thirty days. Is there a way to generate this from the user interface? If not, can your team provide a file with this history?",Security
TKT-01263,Locked out of backup recovery codes,"I cannot find the backup codes I was supposed to save when I set up my account security. I still have access to my account right now, but I am worried about being locked out if I lose my primary device. How can I generate a new set of codes?",Security
TKT-01264,Privacy concerns about third-party apps,I noticed several applications have permissions to access my account data. I don't recall approving these and want to revoke their access immediately. Can you walk me through how to audit and remove these third-party connections?,Security
TKT-01265,Password reset link not working,I requested a password reset but the link in the email leads to an error page. I have tried clicking it on both my phone and my computer with the same result. Could you please send me a fresh link?,Security
TKT-01266,Request for account deletion due to security concerns,"Due to a recent breach of my personal information elsewhere, I am taking steps to consolidate my accounts. I would like to permanently delete this account to minimize my digital footprint. Please inform me of the procedure to ensure all my data is wiped from your servers.",Security
TKT-01267,Suspicious login attempt detected,"I received an alert that someone tried to access my account from a location I have never visited. I have already changed my password, but I want to ensure my data is still secure. Can you verify if any unauthorized changes were made to my settings?",Security
TKT-01268,Two-factor authentication not sending codes,I am trying to log in but the 2FA code never arrives on my mobile device. I have checked my spam folder and restarted my phone multiple times. Please help me regain access as I need to check my documents urgently.,Security
TKT-01269,Unable to disable security questions,The security settings menu is greyed out when I try to remove my old security questions. I would prefer to rely solely on my authenticator app for verification. How can I get these questions removed?,Security
TKT-01270,Potential data breach inquiry,I saw reports online suggesting that your platform might have had a recent security compromise. Can you confirm if my account was impacted by this event? I am very concerned about the safety of my private information.,Security
TKT-01271,Unexpected password reset emails,I keep receiving emails for password resets that I did not request. It is happening several times a day and I am worried someone is trying to brute force my login. What steps should I take to stop these requests?,Security
TKT-01272,Report of unauthorized transaction,I noticed a charge on my statement that I did not authorize. It seems like someone managed to access my saved payment methods without my permission. Please investigate this immediately and secure my profile.,Security
TKT-01273,Login session timeout settings,"My session keeps expiring after only five minutes of inactivity, which is making it very difficult to work. I understand the need for security, but could the idle timeout be extended? This is severely impacting my workflow.",Security
TKT-01274,Account locked after failed attempts,"My account is locked and I cannot figure out why. I might have mistyped my password a few times this morning. How long do I have to wait for it to unlock, or can you reset it for me?",Security
TKT-01275,Security certificate warning,"When I visit your website, my browser displays a warning about an invalid security certificate. Is the site currently safe to use, or should I stay away until the issue is resolved? I do not want to risk my personal data.",Security
TKT-01276,Request to view account access logs,I suspect that a former colleague might still have access to my shared workspace. Is there a way for me to view a log of recent login IP addresses or device names? I need to verify who has been accessing my files.,Security
TKT-01277,Authenticator app sync error,My phone was wiped and now my authenticator app is out of sync with your security system. I no longer have access to my backup recovery codes. How do I prove my identity and regain account access?,Security
TKT-01278,Question regarding data encryption,I am looking for information on what encryption standards you use for stored user files. My company has strict compliance requirements we need to meet. Could you provide a summary of your security protocols?,Security
TKT-01279,Found a potential vulnerability,I noticed an issue with the URL parameters on your login page that might allow for cross-site scripting. I wanted to report this responsibly to your security team. Please let me know who I should contact to discuss this further.,Security
TKT-01280,Third-party app permission audit,I want to see a list of all external applications that have read/write access to my account. I do not remember approving several of these services. Where can I go to revoke those permissions?,Security
TKT-01281,Lost my recovery keys,I have misplaced my recovery keys and I am terrified of losing access to my account forever. Is there a process to generate new ones without having to delete my entire profile? Please help.,Security
TKT-01282,Notification settings for login alerts,I want to enable email notifications for every single login event regardless of location. I cannot find the toggle for this in the security tab. Could you point me in the right direction?,Security
TKT-01283,Suspected phishing attempt,"I received an email today that looked like it came from your company asking for my login credentials. I didn't click anything, but I wanted to report it to you. Do you need a copy of the email headers?",Security
TKT-01284,Difficulty with hardware security key,My YubiKey is no longer being recognized when I try to log in. I have tried different USB ports and it works fine on other websites. Could there be an issue with your platform's support for this device?,Security
TKT-01285,Secure file sharing inquiry,"We need to send sensitive documents to your team and want to make sure we use a secure method. Do you have a secure portal we should use, or should we encrypt the files ourselves? Please advise on your preferred procedure.",Security
TKT-01286,Account takeover recovery,"My account was compromised last night and the hacker changed all my security details. I have regained control, but I am not sure if they planted any backdoors. Can you help me perform a full security audit of my account?",Security
TKT-01287,Suspicious login attempt from unknown device,"I received an alert about someone trying to sign into my account from a location I have never visited. I have already updated my password, but I want to ensure my data is still secure. Can you verify if any settings were changed during that time?",Security
TKT-01288,Two-factor authentication not sending codes,"I am trying to log in, but the 2FA SMS never arrives on my phone. I have checked my carrier settings and everything seems fine on my end. Please help me access my account as I am locked out.",Security
TKT-01289,Concern regarding data encryption standards,I am conducting a security audit for my company and need to know the specific encryption protocols you use for data at rest. Could you provide technical documentation on your compliance standards? This is critical for our vendor assessment process.,Security
TKT-01290,Unauthorized changes to account email,"I woke up to a notification saying my account email was changed, but I did not authorize this. I still have access for now, but I am terrified that I will be locked out permanently. Please help me revert this change immediately.",Security
TKT-01291,Forgot security question answers,"I have been away from my account for a long time and cannot remember the answers to my security questions. I have tried resetting my password, but it keeps asking for these details. How can I verify my identity to regain access?",Security
TKT-01292,Reported potential phishing attempt,"I received an email today that looked exactly like your branding but contained a suspicious link. I did not click it, but I wanted to make sure you were aware of this phishing campaign. Should I forward the message to a specific department for analysis?",Security
TKT-01293,Session timeout is too short,"The system logs me out every five minutes, which is incredibly frustrating when I am working on long documents. I understand the need for security, but is there a way to extend this duration? This is really impacting my daily productivity.",Security
TKT-01294,Request to delete all stored personal data,I would like to exercise my right to have my personal information removed from your systems. Please confirm once this process is complete and my account has been permanently closed. I no longer feel comfortable keeping my records with your platform.,Security
TKT-01295,Unable to enable authenticator app,"Every time I scan the QR code to set up my authenticator app, it says the token is invalid. I have tried syncing my clock and reinstalling the app, but nothing works. Is there a server-side issue causing this sync error?",Security
TKT-01296,Detected unexpected API activity,My development team noticed strange traffic patterns hitting our integrated API endpoints this morning. We suspect our credentials might have been compromised. Can you provide logs of recent API calls so we can investigate the source?,Security
TKT-01297,Recovering account after device theft,"My laptop was stolen and I am worried about the saved login sessions. I have already changed my password from another device, but I need to know how to force a global logout for all active sessions. Please assist me with this immediately.",Security
TKT-01298,Security vulnerability report,I believe I found a potential cross-site scripting vulnerability on your search results page. I am a security researcher and would like to report this through the proper channels. Who is the best person to contact regarding bug bounty programs?,Security
TKT-01299,Multiple failed login attempts alert,"I keep getting automated emails about multiple failed login attempts on my account. I am not the one trying to log in, and I am concerned about a brute-force attack. Can you temporarily block login attempts from other regions to protect me?",Security
TKT-01300,Account recovery link expired immediately,"I requested a password reset, but the link sent to me says it is already expired every time I click it. I have tried waiting for a new one, but the issue persists. Please send a fresh link or reset it manually for me.",Security
TKT-01301,Permission settings not saving,"I am trying to restrict access for some team members, but the permissions keep resetting to default. This is a significant security risk for our sensitive internal projects. Why are my changes not sticking after I click save?",Security
TKT-01302,Identity verification failure,"The automated identity verification tool is rejecting my government ID, even though it is clearly readable. I have tried three different lighting setups and two browsers. Is there an alternative way to prove who I am?",Security
TKT-01303,How to rotate API keys,"I need to rotate my API keys for security best practices, but I cannot find the option in the dashboard. Could you walk me through the steps to regenerate them? I need to ensure there is no downtime for our live services.",Security
TKT-01304,Suspicious activity on shared account,"Our shared administrative account is showing activity at 3 AM when none of our staff are online. We have checked our internal logs, but the activity seems to be originating from the platform side. Can you provide more details on these access logs?",Security
TKT-01305,Request for audit logs,I am required to provide audit logs for my compliance review by the end of the week. Is there a way to export the login and action history for my account? I need a detailed report covering the last ninety days.,Security
TKT-01306,Password reset email never arrived,"I have been waiting for over an hour for the password reset email, but nothing has shown up in my inbox or spam folder. I really need to get back into my account today. Is there an issue with your mail servers?",Security
TKT-01307,Suspicious login attempt from unknown location,I received an alert that my account was accessed from a different country this morning. I definitely did not authorize this login and I am very concerned about my data privacy. Please tell me what steps I should take to secure my account immediately.,Security
TKT-01308,Cannot enable two-factor authentication,"Every time I try to set up 2FA, the app crashes before I can scan the QR code. I have tried clearing my cache and reinstalling the application, but it still fails. Could you please assist me in getting this feature activated?",Security
TKT-01309,Account locked after too many attempts,"I think I forgot my password and now my account is completely locked. It says I have made too many failed attempts, which is frustrating because I really need to access my files today. Can you help me reset my credentials?",Security
TKT-01310,Strange activity in my security logs,I was reviewing my account logs and noticed several successful API requests at 3 AM that I did not initiate. I am worried that someone might have compromised my API keys. How can I revoke these sessions and generate new ones?,Security
TKT-01311,Reset link not arriving in inbox,I requested a password reset email three times now but nothing is showing up in my inbox or spam folder. I need access to my account urgently for a project. Is there an issue with your mail server or could my account be compromised?,Security
TKT-01312,Privacy concern regarding data visibility,I noticed that my profile information is visible to everyone on the platform by default. I would like to make my account private so that only my contacts can see my activity. Where are the granular privacy settings located?,Security
TKT-01313,Received a phishing email claiming to be from you,I got an email today asking me to verify my login information by clicking a link. It looks suspicious and I wanted to report it to your security team before anyone else gets scammed. Is this a legitimate communication from your company?,Security
TKT-01314,Unauthorized change to account recovery settings,"Someone just changed the recovery phone number on my account without my permission. I immediately logged in to change the password, but the attacker is still trying to access it. Please freeze my account while I investigate this breach.",Security
TKT-01315,App keeps logging me out,"My session expires every five minutes, forcing me to re-authenticate constantly. It makes it impossible to finish my work. Is this a security setting I accidentally enabled or is there a bug with the session token?",Security
TKT-01316,Inquiry about data encryption standards,I am looking for documentation regarding your encryption protocols for stored user data. Our compliance department requires proof that we are using industry-standard security measures. Could you point me to a whitepaper or technical document?,Security
TKT-01317,Suspicious file upload detected,I noticed a file in my shared folder that I definitely did not upload. It has an unusual extension and I am afraid it might be malware. Can you please scan my account for any malicious software?,Security
TKT-01318,How to delete account and remove all data,I have decided to close my account due to personal security reasons. I want to make sure that every bit of my data is permanently wiped from your servers. What is the official process for complete account deletion?,Security
TKT-01319,Two-factor code not received via text,I am trying to log in but the verification code never arrives on my phone. My cell service is working fine for everything else. Is there a delay in your SMS gateway right now?,Security
TKT-01320,Reporting a potential security vulnerability,I believe I found a flaw in your user registration form that allows for potential data leakage. I would like to report this to your security team responsibly. Please let me know who I should contact to provide the details.,Security
TKT-01321,Account recovery help needed,I lost access to my authenticator app after buying a new phone. I no longer have the backup codes either. How can I verify my identity to regain access to my account?,Security
TKT-01322,Why is my IP blocked from accessing the site?,I keep getting a '403 Forbidden' error whenever I try to load your homepage. I am not using a VPN or anything unusual. Is my current network being blocked by your firewall for some reason?,Security
TKT-01323,Password manager autofill not working,My password manager is failing to detect the login fields on your site. Is there a specific security attribute that you are using that prevents browsers from filling in the data? It is getting very annoying to type it out every time.,Security
TKT-01324,Multiple devices showing in my account settings,"I see five different devices currently listed as 'active' on my account, but I only own two. I have already changed my password, but how do I force-log out all these other devices? Please assist.",Security
TKT-01325,Request to opt out of data sharing,I would like to exercise my right to stop my data from being used for third-party analytics. I don't see an obvious toggle in the dashboard to turn this off. Could you please process this request for me?,Security
TKT-01326,Security certificate error on login page,"When I try to navigate to the login portal, my browser warns me that the connection is not private. It says the security certificate is invalid or expired. Is the site safe to use, or should I wait until this is fixed?",Security
TKT-01327,Suspicious login attempt from unknown location,I received an alert that my account was accessed from a different country this morning. I definitely did not authorize this login and I am very concerned about the safety of my data. Please help me secure my account immediately.,Security
TKT-01328,Two-factor authentication code not arriving,"I have been trying to log in for the past hour, but the SMS verification code never reaches my device. I have restarted my phone and checked my signal, but nothing works. Is there a server issue affecting the authentication system?",Security
TKT-01329,Reported unauthorized transaction on my account,I see a charge on my statement that I do not recognize at all. It looks like someone gained access to my payment details without my permission. Can you please reverse this transaction and investigate how this happened?,Security
TKT-01330,Unable to reset my password,"Every time I click the password reset link, it tells me the token has expired. I have tried this several times in quick succession. Please assist me in regaining access to my account.",Security
TKT-01331,Need to enable hardware security key,I would like to increase my account security by using a physical security key instead of SMS codes. Where can I find the settings to pair my device? Please provide instructions or a link to the documentation.,Security
TKT-01332,Account locked after multiple failed attempts,I accidentally entered my password incorrectly several times and now I am completely locked out. How long do I have to wait before I can try logging in again? I need urgent access for work purposes.,Security
TKT-01333,Received a phishing email claiming to be from you,"I got an email asking me to verify my login credentials by clicking a link. It looks suspicious so I did not click it, but I wanted to report it to you. Here is the sender information so you can look into it.",Security
TKT-01334,Can I see a list of active login sessions?,I want to check if my account is currently logged in anywhere else. Is there a way to view all active sessions and revoke access for devices I no longer use? Please guide me through the security dashboard.,Security
TKT-01335,Security question answer not being accepted,"I am trying to recover my account, but the system keeps saying my security question answer is incorrect. I am certain that I have the correct answer stored. Is there a way to verify this or reset the question?",Security
TKT-01336,Concerned about data privacy and encryption,Could you provide information on what level of encryption you use for stored customer data? I am doing a security audit for my company and need to confirm that our information remains safe. Thanks in advance for the technical details.,Security
TKT-01337,Biometric login keeps failing,The fingerprint scan on the mobile app has stopped working entirely today. It just errors out and forces me to use my password instead. This is very inconvenient; please let me know how to fix this bug.,Security
TKT-01338,How to delete all stored payment information?,I want to scrub my account of all saved credit cards for security reasons. I cannot seem to find the delete button in the payment settings. Can you help me remove my sensitive data from your servers?,Security
TKT-01339,Unauthorized change to my security settings,I noticed that my recovery email address was changed to something I do not recognize. I am worried that someone else has control over my account settings. Please revert this change and help me lock things down.,Security
TKT-01340,Authentication app synchronization error,My authenticator app shows codes that are constantly rejected by your login screen. I believe there might be a clock synchronization issue. Could you help me reset my MFA settings so I can re-link the application?,Security
TKT-01341,Requesting a security audit for my enterprise account,"Our security team requires a compliance report regarding your data handling processes. Does your platform meet SOC2 standards? If so, please send over the relevant documentation for our records.",Security
TKT-01342,Public computer login security risk,I accidentally left myself logged in on a public library computer earlier today. How can I force a global sign-out across all devices? I really do not want my personal information to be accessible there.,Security
TKT-01343,Unexpected security alert email,I received an email stating that my account password was recently changed. I definitely did not perform this action. I am now unable to log in; please help me recover my access as soon as possible.,Security
TKT-01344,Is my API key compromised?,I noticed some strange activity in my logs that suggests my API key might have been leaked. How can I rotate my current key and invalidate the old one immediately? This is critical for our production environment.,Security
TKT-01345,Password strength requirements,"I am trying to update my password, but the system keeps rejecting it for not being complex enough. What are the specific character requirements for a valid password? Please clarify so I can make it secure.",Security
TKT-01346,Report of potential vulnerability,I believe I found a cross-site scripting flaw on your login page while testing. I would like to report this through your bug bounty program if you have one. Please let me know the correct channel to submit my findings securely.,Security
TKT-01347,Suspicious login attempt from unknown location,I received an alert that someone tried to access my account from a device in another country. I have not traveled recently and do not know anyone in that area. Please help me secure my account and verify if any unauthorized changes were made.,Security
TKT-01348,Unable to enable two-factor authentication,"I have been trying to set up 2FA for the last hour, but the verification code never arrives via text message. I have checked my settings and my phone number is correct. Could you please look into why I am not receiving the codes?",Security
TKT-01349,Password reset email not arriving,I am locked out of my dashboard and the password reset link is not being sent to my inbox. I have checked my spam folder multiple times and still nothing. Can you trigger a manual reset link for me?,Security
TKT-01350,Concern regarding potential data breach,I read online that there might have been a security incident affecting your platform. Should I be worried about my saved payment information or personal details? Please clarify what steps I need to take to keep my data safe.,Security
TKT-01351,Unauthorized modifications to account settings,"I noticed that my profile display name and recovery email were changed this morning without my permission. I immediately updated my password, but I am very concerned about how this happened. How can I see a log of all recent activity on my account?",Security
TKT-01352,Request to verify SSL certificate validity,My browser is throwing a security warning whenever I attempt to navigate to your site. It says the certificate is invalid or expired. Is this a known issue or is my connection being intercepted?,Security
TKT-01353,Request for account deletion due to security concerns,"Given the recent vulnerabilities I have observed with your service, I no longer feel comfortable keeping my data on your platform. I would like to request that my account be permanently deleted. Please confirm once this has been completed.",Security
TKT-01354,Locked out after failed login attempts,"I forgot my password and tried to guess it a few times, but now I am completely locked out of the system. Even after waiting for the time specified in the error message, I still cannot log in. Can you please unlock my profile?",Security
TKT-01355,Suspicious email claiming to be from support,I received an email asking me to provide my password to verify my identity for a security audit. This seems like a phishing attempt. Could you please confirm if this email actually originated from your company?,Security
TKT-01356,Public WiFi usage safety concerns,I often travel for work and connect to my account via public hotel WiFi. Are there specific security features I should enable to ensure my session isn't compromised? I want to make sure my information remains private while I am away.,Security
TKT-01357,Security vulnerability report,"While testing your API, I discovered an endpoint that seems to leak user information without proper authentication tokens. I would like to report this formally so it can be patched. Who should I contact to provide the technical details?",Security
TKT-01358,Lost my recovery codes,I have lost my backup recovery codes for my account and I am worried about what happens if I lose my phone. How can I generate a new set of codes? Please let me know the procedure to reset these.,Security
TKT-01359,Browser session not expiring automatically,"I noticed that even after I close my browser or restart my computer, I am still logged into the dashboard. This is a huge security risk because I share this machine with other people. Is there a way to force the session to expire immediately upon closing?",Security
TKT-01360,Account compromise suspicion,"My friend messaged me saying I sent them a suspicious link from my account, but I definitely did not send that. I believe my account has been compromised by a bot or malware. Please help me investigate this immediately.",Security
TKT-01361,Can I see all active device sessions?,I want to audit where my account is currently logged in. Is there a page where I can see a list of active sessions and sign out of devices I no longer recognize? I want to make sure my account is secure.,Security
TKT-01362,Multi-factor authentication bypass concern,"I accidentally skipped the setup for MFA, and now I want to know how I can enforce it for my team. We handle sensitive data and want to make sure everyone is required to use an authenticator app. Please provide instructions for team-wide security settings.",Security
TKT-01363,Reporting a fake login page,I came across a website that looks exactly like your login page but the domain name is completely different. I am reporting this as a phishing site to protect other users. Please take action against this malicious domain.,Security
TKT-01364,How to report security bugs?,I am a security researcher and I have found a minor flaw in your login authentication logic. I want to report this responsibly before making it public. Where can I find your disclosure policy and contact information?,Security
TKT-01365,Account access denied without reason,"I am getting a generic access denied error whenever I try to access my files. My account was working perfectly fine yesterday. Did you place a security hold on my account, and if so, how can I resolve it?",Security
TKT-01366,Encryption details for sensitive uploads,Our legal department needs to know the encryption standards you use for stored files. We are required to ensure that all data is encrypted at rest using industry-standard protocols. Could you send over a brief technical summary?,Security
TKT-01367,Suspicious login attempt from unknown location,"I received an alert about a sign-in attempt from a city I have never visited. I immediately changed my password, but I am still worried about the security of my personal data. Can you check if there were any unauthorized changes to my profile settings?",Security
TKT-01368,Two-factor authentication code not arriving,I am trying to log in but the verification code never reaches my device. I have checked my spam folder and restarted my phone multiple times. Please help me regain access as I need to manage my subscription today.,Security
TKT-01369,Unexpected security warning on dashboard,"Every time I open the dashboard, a red banner appears claiming my account is compromised. I ran a full virus scan on my machine and everything looks clean on my end. Could this be a glitch in your system or should I be genuinely concerned?",Security
TKT-01370,Request to reset authentication app,I recently lost my smartphone and can no longer access my authenticator app to log in. How can I verify my identity to have the security settings reset? I have my backup recovery codes ready if needed.,Security
TKT-01371,Concern regarding data encryption standards,I am conducting a security audit for my company and need to know the specific encryption protocols you use for data at rest. Could you point me to your technical documentation or provide a brief summary? We need to ensure compliance with our internal policies.,Security
TKT-01372,Unauthorized change to security questions,I noticed that my account security questions were modified without my permission yesterday. I did not authorize this change and I am very concerned that someone else has access to my credentials. Please lock the account until we can resolve this.,Security
TKT-01373,Unable to disable security features,"I am trying to turn off the extra verification steps because they are causing issues with my automated workflows. Every time I toggle the setting off, it reverts back to enabled after a few seconds. Is there a permanent way to bypass this for my specific use case?",Security
TKT-01374,Possible phishing email received,"I just received an email that looks like it came from your support team asking me to click a link to verify my credentials. The email address seems suspicious, so I haven't clicked anything yet. Can you confirm if this is a legitimate communication from your company?",Security
TKT-01375,Account locked after failed login attempts,"My account is currently locked because I entered the wrong password too many times. I am now certain of the correct password, but the system won't let me try again. How long do I have to wait for the lockout to expire?",Security
TKT-01376,Help with setting up security keys,"I want to move from SMS-based verification to a physical security key for better protection. Does your platform support FIDO2 devices? If so, what are the steps to register a hardware token?",Security
TKT-01377,Browser session timeout too short,"The security settings are forcing me to log back in every fifteen minutes, which makes it impossible to finish my work. I understand the importance of safety, but can I adjust the session duration to be a bit longer? It is becoming quite frustrating.",Security
TKT-01378,Reporting a potential security vulnerability,I think I found a bug in your login page that might allow for cross-site scripting. I have a proof of concept document ready to share. Who should I contact to disclose this safely?,Security
TKT-01379,Logged out unexpectedly during active session,"My account keeps logging me out while I am in the middle of editing important files. I checked my browser settings and cleared the cache, but the issue persists. Is there a new security update causing this behavior?",Security
TKT-01380,Help recovering old archived account,I am trying to access an account I created years ago but I have lost access to the backup verification method. Is there a manual verification process I can go through to prove ownership? I really need to retrieve those old files.,Security
TKT-01381,Privacy concerns about account activity logging,I noticed that the activity log captures my exact geographic location. Is there a way to limit the amount of metadata stored for my account? I am concerned about how much data is being retained for security auditing purposes.,Security
TKT-01382,Cannot update password due to error,"Every time I attempt to change my password to something more secure, I receive a system error message. It says the new password doesn't meet requirements, but it clearly follows the rules listed. Please assist me in updating this as soon as possible.",Security
TKT-01383,Suspected session hijacking,"I see an active session on a device I do not recognize. I have clicked the 'log out of all devices' button, but the entry is still showing up in my list. How can I force this unauthorized session to end immediately?",Security
TKT-01384,Inquiry about brute force protection,Our security team is evaluating your platform for potential deployment. Do you implement rate limiting or account lockout policies to prevent brute force attacks? We need this information for our internal risk assessment.,Security
TKT-01385,Verification email not received for new login,I am trying to authorize a new laptop but the confirmation email is not showing up. I have checked the junk folder and verified the email address is correct. Can you manually send the link again?,Security
TKT-01386,Account security checkup request,I feel like I have been careless with my password and want to make sure everything is secure. Can someone from the security team review my account settings and let me know if there is any suspicious activity? I am worried that I may have accidentally leaked my credentials.,Security
TKT-01387,Suspicious login attempt from unknown device,"I received an alert about a login from a location I have never visited. I immediately changed my password, but I want to know if there is any way to see what actions were taken during that session. Please help me secure my account further.",Security
TKT-01388,Cannot enable two-factor authentication,"I am trying to turn on 2FA for my profile, but the verification code never arrives on my device. I have checked my spam folder and restarted my phone multiple times. Is there a known issue with the SMS gateway right now?",Security
TKT-01389,Concerned about data privacy and encryption,I am conducting a security audit for my department and need specific information regarding your encryption standards for data at rest. Can you provide a technical whitepaper or documentation on your hashing algorithms? We need to ensure compliance before we migrate more sensitive files.,Security
TKT-01390,Possible unauthorized account access,"My settings were changed without my permission, and I noticed a new secondary email address added to my profile. I did not authorize this change. How can I revoke access from all devices and revert these changes immediately?",Security
TKT-01391,Repeated failed login lockouts,"I keep getting locked out of my dashboard after only two attempts. I know I am typing the correct password, so I am worried someone might be trying to brute force my credentials. Can you check the logs for recent failed attempts originating from my username?",Security
TKT-01392,Request to permanently delete my data,I want to close my account and have all my personal data permanently wiped from your servers. Please confirm the process for a total data purge and provide a reference number for this request. I am concerned about my digital footprint.,Security
TKT-01393,Phishing email report,I received an email claiming to be from your support team asking me to verify my login credentials by clicking a link. The email looks suspicious and the sender address seems off. I wanted to report this so you can investigate the potential phishing attempt.,Security
TKT-01394,Lost access to authenticator app,"I recently got a new phone and lost access to my authenticator app, so I cannot log into my account. I have my backup codes, but they do not seem to be working. Can you help me reset my authentication settings?",Security
TKT-01395,Report of potential vulnerability,"While testing your web interface, I noticed a potential security flaw in the password reset function that could lead to session hijacking. I would like to report this securely. Please let me know who I should contact regarding responsible disclosure.",Security
TKT-01396,Password reset email not arriving,"I requested a password reset link several times, but nothing is showing up in my inbox. I checked my junk folder and verified that I am using the correct username. Could there be a security block on my account preventing these messages?",Security
TKT-01397,Device management and session cleanup,"I see a list of unrecognized devices under my connected sessions tab. I have already logged out of those devices, but is there a way to force a global password reset for all active connections? I need to be sure no one else has access.",Security
TKT-01398,Inquiry regarding server-side security,What protocols do you use to prevent SQL injection and cross-site scripting on your platform? We have strict internal security requirements and need to know how you handle input validation. A brief summary would be very helpful for my records.,Security
TKT-01399,Account locked after password update,"I updated my password earlier today, and now I cannot log in at all. It just says my account is disabled for security reasons. Can you please check why my account was flagged and help me restore access?",Security
TKT-01400,Suspicious activity notifications,Why am I getting multiple emails saying my password was changed when I haven't touched it? This is very concerning. Please investigate my account history right now to see if a breach occurred.,Security
TKT-01401,Help with security question setup,"I am trying to configure my security questions, but the system keeps throwing an error every time I save them. I need to get this done for compliance reasons as soon as possible. Can you advise on how to fix this?",Security
TKT-01402,Privacy settings reset by system,My privacy preferences were reverted to the default settings without my consent. This is a major security issue for me. How do I ensure my settings are locked and won't change again without notice?,Security
TKT-01403,Trouble with hardware security key,"I am using a hardware security key for multi-factor authentication, but it is not being recognized by your login portal. The browser is up to date and I have tried different USB ports. Is there a compatibility issue I should be aware of?",Security
TKT-01404,Data export security concerns,"I requested an export of my account data, but I am worried about the security of the download link. Does the link expire automatically, and is the file encrypted? I would like to know the security measures taken for this transfer.",Security
TKT-01405,Suspicious third-party app access,"I noticed an application listed under 'Authorized Apps' that I definitely did not connect to my account. I have removed it, but how do I know if they already pulled my personal information? I am very worried about my data safety.",Security
TKT-01406,Password complexity requirements,"I am having trouble setting a new password because the system keeps rejecting it for not being complex enough. I have used symbols and numbers, but it still won't accept it. Could you tell me exactly what the requirements are?",Security
TKT-01407,Suspicious login attempt detected,"I received an alert that someone tried to access my account from a different country. I have already changed my password, but I want to ensure my data is still secure. Can you verify if any unauthorized changes were made to my settings?",Security
TKT-01408,Not receiving push notifications on iPhone,My app notifications stopped showing up on my lock screen after the latest update. I have checked my settings and they are enabled for both the system and the app. Please help me fix this.,Notifications
TKT-01409,Email alert delays,I am consistently getting my activity notifications about six hours late. This is making it impossible to respond to urgent requests in real time. Can you investigate if there is a lag on your server side?,Notifications
TKT-01410,Too many marketing messages,I keep getting promotional notifications even though I unchecked every box in my profile settings. Please stop sending me these updates immediately. It is becoming quite annoying.,Notifications
TKT-01411,Desktop browser notifications not triggering,"I have allowed permissions in Chrome, but I am not seeing any pop-ups for new messages. I checked my focus assist settings and everything seems correct. Is there a specific configuration I might be missing?",Notifications
TKT-01412,Missing sound for alerts,"My phone vibrates when a new notification arrives, but it no longer plays the assigned notification sound. I have tried restarting the app and my device, but nothing changed. Everything else on my phone has sound working fine.",Notifications
TKT-01413,Notification badges not clearing,"Even after I read all my messages, the little red bubble on the app icon stays at 5. It is driving me crazy to see that constant reminder when there is nothing new to read. How can I force this to refresh?",Notifications
TKT-01414,Inconsistent alert delivery on Android,"Sometimes I get notifications instantly, and other times they don't show up until I open the application. My battery optimization settings are already set to ignore this app. Is there a background refresh issue?",Notifications
TKT-01415,Multiple notifications for single events,"Every time I receive a single message, I get notified four or five times in a row for the same thing. This is flooding my lock screen and draining my battery. Please look into this glitch.",Notifications
TKT-01416,Cannot customize notification sounds,I am trying to change the alert tone in the settings menu but the app crashes every time I click the sound tab. Could you guide me through a workaround or fix this bug?,Notifications
TKT-01417,SMS alerts are being blocked by carrier,"I stopped getting text alerts for my account activity, and my carrier says it is because the sending number is marked as spam. How do I get these notifications back? I need these for security purposes.",Notifications
TKT-01418,Unable to mute group notifications,"I have muted the group chat inside the app, yet I am still receiving push alerts for every single message. I really don't want to leave the group, but this constant noise is too much. Is there a deeper setting I need to toggle?",Notifications
TKT-01419,Delayed notifications during sleep mode,"My notifications don't come through until I wake up my computer, even if I have left it on all night. I need these alerts to be real-time for my work. Is there a way to keep the connection alive while the screen is off?",Notifications
TKT-01420,App notification settings are greyed out,"I want to turn off sounds for low-priority updates, but the toggles in the app are greyed out. I have already checked my global device settings and they don't seem to be the cause. Can you advise?",Notifications
TKT-01421,Notification content not showing on lock screen,"I want to see the message preview on my lock screen, but it only says 'New Notification' without any details. I have checked my privacy settings and 'Show Previews' is set to 'Always'. How can I fix this?",Notifications
TKT-01422,Stop sending me emails at 3 AM,I am getting automated status emails in the middle of the night. Please add a feature or setting to restrict these notifications to business hours. I would appreciate some sleep.,Notifications
TKT-01423,Persistent 'Account Update' notification,"There is a permanent notification in my tray saying I need to update my profile, but I have already done it. It won't go away no matter how many times I click on it. Can someone manually clear this status for me?",Notifications
TKT-01424,Webhooks for notifications not firing,"My integration is not receiving the notification payload via webhook. I have double-checked the endpoint URL and the API keys, but nothing is hitting my server. Are there any logs I can access to debug this?",Notifications
TKT-01425,Notification banners disappearing too fast,"The alert banners at the top of my screen vanish in less than a second, and I can't read them before they are gone. Is there a way to adjust the duration these stay on the screen? I am using an iPhone 14.",Notifications
TKT-01426,Getting alerts for things I didn't subscribe to,I am being spammed with news updates that I never opted into. I have searched the settings but can't find a place to toggle these specific news categories. Please help me opt out.,Notifications
TKT-01427,Lost connection to push notification service,"The app keeps telling me that the notification service is unavailable. I am connected to high-speed Wi-Fi, so it's definitely not my internet. Is your server down for maintenance right now?",Notifications
TKT-01428,Not receiving push notifications on mobile,I noticed that my phone stopped alerting me whenever I get a new message. I have checked my system settings and the toggle is definitely turned on for your app. Could you please let me know if there is something else I need to do?,Notifications
TKT-01429,Too many email alerts for simple updates,I am being bombarded with emails for every single tiny activity on my account. It is cluttering my inbox and making it hard to find important messages. Is there a way to bundle these into a single daily summary instead?,Notifications
TKT-01430,Delayed SMS alerts for urgent tasks,The text alerts regarding my pending tasks are arriving several hours late. This makes them practically useless for time-sensitive projects. Is there a server lag causing this or is it an issue with my provider?,Notifications
TKT-01431,In-app notifications not clearing,"Even after I read all my messages, the red notification badge still shows a count of five. It is really annoying to look at that constant alert. How can I force a refresh of the notification center?",Notifications
TKT-01432,Stopped getting desktop browser alerts,"My browser used to pop up notifications in the corner, but that stopped working this morning. I cleared my cache and cookies but that didn't change anything. Please help me get these alerts working again.",Notifications
TKT-01433,Please stop sending promotional notifications,I keep getting push notifications about sales and discounts every day. I only want alerts for my account activity and nothing else. Where can I disable these marketing pings?,Notifications
TKT-01434,Conflicting alert settings on different devices,"My phone is set to notify me for everything, but my tablet is completely silent. I checked the settings sync feature and it seems enabled on both. Why are they behaving so differently?",Notifications
TKT-01435,Notifications trigger outside of quiet hours,"I configured my quiet hours from 10 PM to 7 AM, yet my phone still chirps at midnight. This is waking me up and is very disruptive. Can you verify if my time zone settings are being applied correctly?",Notifications
TKT-01436,Missing critical security notifications,"I tried to log in from a new location yesterday, but I never received the security alert for verification. I only managed to log in because I remembered my old password. I am concerned that I am not being notified of account changes.",Notifications
TKT-01437,Unable to customize notification sounds,"I went into the preferences menu to change the sound for incoming alerts, but the app crashes every time I tap on it. I am using the latest version of the software. Is this a known bug?",Notifications
TKT-01438,Notification banners blocking my screen,The notification banners are appearing right over the navigation bar in the app. It makes it impossible to click the buttons underneath until the banner fades away. Can the positioning be moved higher up?,Notifications
TKT-01439,Duplicate notifications for every message,"Every single time a message arrives, I get the exact same notification pushed twice. It is happening on both my laptop and phone simultaneously. Is there a way to de-duplicate these alerts?",Notifications
TKT-01440,System notifications are completely blank,"I keep getting notifications that have no text or subject line. When I tap on them, it just opens the home screen and does nothing else. This has been happening since the last update.",Notifications
TKT-01441,Notification history is missing entries,"I clicked on my notification history to check an old alert, but the list only goes back two days. I am sure I received important updates earlier in the week. Where did the rest of my history go?",Notifications
TKT-01442,Urgent alert sound is too quiet,"I have selected the high-priority sound for emergency alerts, but it is barely audible. Is there a way to override the system volume to ensure I hear these? I need to be sure I don't miss these updates.",Notifications
TKT-01443,Push notifications failing on background,"The app seems to kill the notification process whenever it is running in the background. If I don't keep the app open, I don't get any pings at all. Is there a background refresh permission I am missing?",Notifications
TKT-01444,Incorrect time stamps on all notifications,"Every notification I receive has the wrong time stamp, appearing as if it was sent hours in the future. It makes tracking my alerts very confusing. How can I sync the notification time with my local time?",Notifications
TKT-01445,Group chat notifications keep turning back on,"I keep muting notifications for a specific group chat, but they automatically unmute after a few hours. I have tried this multiple times and the setting just won't stick. Please fix this persistent issue.",Notifications
TKT-01446,Need more granular notification controls,"I would like to receive notifications for direct mentions but not for general channel activity. Currently, it seems like an all-or-nothing toggle. Can you add more specific filters for these alerts?",Notifications
TKT-01447,No way to test notification settings,I am trying to fix my alert issues but I have to wait for someone to message me to see if it works. Can you provide a 'send test notification' button in the settings menu? That would be much more efficient.,Notifications
TKT-01448,Not receiving push notifications on mobile,"I have checked my settings and push notifications are enabled, but I never get alerts for new messages. I have already tried reinstalling the app twice to fix this. It is really frustrating missing these important updates.",Notifications
TKT-01449,Email notifications are going straight to spam,"Every single notification email from your platform ends up in my junk folder. I have marked them as not spam multiple times, but they keep going back there. Can you tell me what address these are sent from so I can whitelist them?",Notifications
TKT-01450,Delayed SMS alerts for account activity,I am getting my security alerts about two hours after I actually log in. This makes them completely useless for verifying my identity. Is there a server issue causing this latency?,Notifications
TKT-01451,Please stop sending me daily newsletters,"I cannot find the unsubscribe link anywhere in the footer of your marketing emails. I have requested to opt out twice now, but I keep receiving the daily digest. Please remove my address from your mailing list immediately.",Notifications
TKT-01452,Duplicate desktop notifications for every action,"Every time I receive a message, I get three identical desktop pop-ups at once. It is making it very hard to work when my screen is covered in these alerts. Could you please look into why this is doubling up?",Notifications
TKT-01453,In-app notification badge won't clear,"There is a permanent red dot on my notification icon even though I have read every single message. It is a minor annoyance, but I would really like to get rid of it. How can I force this badge to update?",Notifications
TKT-01454,Requesting hourly digest instead of instant alerts,"I am getting bombarded by constant notifications throughout the day. Is there a way to bundle these into a single hourly summary instead? I still want to stay informed, just not every single minute.",Notifications
TKT-01455,Notification sound settings are ignored,"I have set my custom sound for alerts, but the app keeps reverting to the default beep. It is very confusing because I cannot tell the difference between your app and my other messages. Can you help me make this setting stick?",Notifications
TKT-01456,Missing important status updates,"I was expecting a notification when my request was approved, but I never received one. I had to manually check the dashboard to find out it was done. Why did the system fail to trigger the alert?",Notifications
TKT-01457,Browser notifications crashing my page,"Every time a browser notification pops up in the bottom corner, the whole page refreshes. This is causing me to lose unsaved work in my drafts. I have disabled browser alerts for now, but I would like to turn them back on.",Notifications
TKT-01458,Turning off all notifications,I want to mute everything completely. I tried turning off the toggles in my profile but I am still getting email pings. How do I go totally silent?,Notifications
TKT-01459,Notification history is blank,"I tried clicking the notification bell to view my history, but it says no notifications found. I know I have received alerts today because they showed up on my lock screen. Where can I see my past activity?",Notifications
TKT-01460,Need more specific notification categories,"Right now, I have to enable all alerts just to get the security ones. I do not want the marketing or social updates. Can you let us choose which specific types of alerts we receive?",Notifications
TKT-01461,Notifications showing wrong time zone,All my notification time stamps are off by several hours. It says I got a message at 3 AM when it was actually 9 PM. Please fix the time synchronization on your servers.,Notifications
TKT-01462,Error message when enabling push alerts,"When I go to the settings page to enable push notifications, it just says 'unable to connect to server'. My internet is working fine, and I am logged in. What else should I try?",Notifications
TKT-01463,Notification emails have garbled text,"The text in your automated notification emails looks like corrupted code or weird characters. It is unreadable, making the notifications useless. Is this a known issue with your email template?",Notifications
TKT-01464,Getting alerts for other people,I am receiving notifications for updates related to projects I am not even a part of. This seems like a massive privacy concern. Please stop sending me data that does not belong to me.,Notifications
TKT-01465,Smart watch not syncing notifications,"My phone gets the notification, but it never shows up on my watch. I have enabled notifications for the companion app on my phone, but nothing pushes through. Do you have any tips for fixing this integration?",Notifications
TKT-01466,How to change email address for alerts,"I have changed my primary contact email in my settings, but I am still getting notifications sent to my old one. How do I update the recipient address for system alerts?",Notifications
TKT-01467,Too many weekend notifications,I do not want to hear from the app on Saturdays and Sundays. Do you have a 'do not disturb' mode for weekends? I love the service but the alerts on my days off are too much.,Notifications
TKT-01468,Stop sending me so many emails,"I am getting way too many marketing notifications from your platform every single day. I have tried clicking unsubscribe at the bottom, but the emails keep coming. Please remove me from your mailing list immediately.",Notifications
TKT-01469,Push notifications are not appearing on my phone,"I have the app installed, but I never get any alerts when someone messages me. I checked my phone settings and notifications are allowed for your app. How can I fix this so I don't miss important updates?",Notifications
TKT-01470,Delayed SMS alerts for account activity,The SMS alerts regarding my account activity are arriving hours late. This is very concerning since I need real-time updates for security purposes. Is there a known latency issue with your messaging provider?,Notifications
TKT-01471,In-app notification badge won't go away,"There is a red notification bubble on my profile icon, but I have already checked every single message. It won't disappear no matter how many times I refresh the page. It is really annoying to look at.",Notifications
TKT-01472,Duplicate alert messages,"Every time I receive a system update, I get the exact same notification three times in a row. It is clogging up my notification center and making it hard to see real alerts. Can you please investigate why this is happening?",Notifications
TKT-01473,Missing digest email notifications,"I signed up for the weekly digest email, but I haven't received one in over a month. I checked my spam folder and they aren't there either. Could you check if my account is configured correctly to send these?",Notifications
TKT-01474,Cannot customize alert frequency,"I want to receive alerts only once a day, but the settings menu keeps reverting to 'Real-time'. Every time I hit save, it just ignores my preference. How do I make these settings stick?",Notifications
TKT-01475,Desktop browser notifications stopped working,"I used to get pop-ups in Chrome whenever there was a new task assigned to me, but that stopped working this morning. I haven't changed any browser settings or extensions. Please let me know how to re-enable this functionality.",Notifications
TKT-01476,Notification sound persists in silent mode,"My phone is set to silent, but the app keeps playing a loud notification sound for every alert. This is causing me issues during work meetings. Can you fix the integration with system volume settings?",Notifications
TKT-01477,Please reduce the frequency of promotional push alerts,"I like the functional updates, but the daily promotional push notifications are becoming intrusive. I would like to keep the security alerts but opt out of the sales and marketing ones. Where in the settings can I toggle this?",Notifications
TKT-01478,Notification content is hidden on lock screen,"I want to be able to read my incoming alerts without unlocking my device. Currently, they just show a generic 'New Notification' message. How do I change this so the preview content is visible?",Notifications
TKT-01479,Error while trying to update notification preferences,"Every time I navigate to the notification settings page, I get an error message saying the data could not be loaded. This prevents me from turning off email alerts that I don't want. Please help.",Notifications
TKT-01480,Incorrect time zone for push alerts,"All of my scheduled notifications are arriving at the wrong time because the system seems to be using the wrong time zone. I have set my location correctly in my profile, but the alerts are still off by several hours. Is there a way to force a sync?",Notifications
TKT-01481,Not receiving alert for new replies,"People are replying to my comments, but I am not getting notified about them. I checked my 'Alerts' tab and it is completely empty. Is there a filter I accidentally turned on?",Notifications
TKT-01482,System alert tone is too quiet,The alert sound used by your app is too faint and I keep missing urgent notifications. Is there an option to change the notification sound to something more distinct? I am on an Android device if that matters.,Notifications
TKT-01483,Too many daily newsletter emails,I am receiving a daily newsletter despite opting out of all marketing communications. This is becoming a significant issue for my inbox management. Please ensure my preference to stop these emails is honored.,Notifications
TKT-01484,Email notifications are going to the wrong account,"I recently changed my primary email address in my profile settings, but the notifications are still being sent to my old one. How do I make sure the system picks up the new address?",Notifications
TKT-01485,Unable to clear read notifications,"I tried to clear all my read notifications by clicking the 'Mark All as Read' button, but nothing happened. The items remain bold and marked as unread. This is making it impossible to keep track of what I have already seen.",Notifications
TKT-01486,Receive multiple emails for one action,"When I perform a single action on my account, I get three separate confirmation emails. This seems like a bug in your notification trigger logic. Could you look into my account settings to see why this is happening?",Notifications
TKT-01487,Need real-time notifications for specific items,"I want to set up instant alerts only for specific tags, but I don't see an option to customize based on keywords. Is this a feature you currently support? If not, do you plan to add it soon?",Notifications
TKT-01488,Not receiving push notifications on iPhone,"I recently updated the app, but now I don't get any push notifications at all. I have checked my phone's settings and they are enabled for your app. Could you please let me know if there is a known bug?",Notifications
TKT-01489,Email notifications are going straight to spam,Every single notification email from your service is landing in my junk folder. I have marked them as not spam multiple times but it keeps happening. Is there a way to whitelist your domain?,Notifications
TKT-01490,Too many marketing emails,I am being bombarded with promotional emails multiple times a day. I want to keep the account alerts but turn off all the marketing fluff. Where exactly is the toggle to stop these?,Notifications
TKT-01491,Delayed SMS alerts for logins,"Whenever I try to log in, the two-factor authentication code takes almost ten minutes to arrive. By the time I get it, the session has already expired. This is making it impossible to access my dashboard.",Notifications
TKT-01492,App notification badges not clearing,"My app icon shows I have five unread notifications, but I have checked everything in the inbox. It is really annoying to see that red bubble all the time. How do I force a refresh to clear it?",Notifications
TKT-01493,Duplicate alert messages,I am getting the exact same notification sent to me twice in a row every time. It is a bit spammy and annoying to clear out my inbox. Is there a setting I missed to prevent duplicates?,Notifications
TKT-01494,Missing critical system alerts,My team missed an important update because the critical alert never triggered. We rely on these alerts to manage our operations. Please investigate why this notification failed to send.,Notifications
TKT-01495,Notification sound settings not working,I tried to change the custom notification sound for alerts but it just keeps using the default beep. I have saved the settings multiple times but it never takes effect. Is this feature currently broken?,Notifications
TKT-01496,Requesting digest instead of individual alerts,I get way too many individual pings throughout the day. Is it possible to set up a daily digest instead? I would prefer to see everything in one summary email at the end of the day.,Notifications
TKT-01497,Cannot disable desktop web notifications,"Every time I open the site, it asks me to enable notifications. I have clicked 'Block' multiple times but it keeps popping up every single session. Please make it stop.",Notifications
TKT-01498,Notifications showing up in the wrong language,All of my emails and push notifications are suddenly coming through in Spanish. I have checked my profile and the language is set to English. How can I fix this settings mismatch?,Notifications
TKT-01499,Receiving notifications for activities I opted out of,"I unchecked all the boxes for newsletter and update alerts, but I am still receiving them. Why is my notification preference not being respected? Please fix my subscription status immediately.",Notifications
TKT-01500,Time zone error in scheduled notifications,My scheduled reports are arriving at midnight instead of 8:00 AM. It seems like the notification engine is using the wrong time zone. Can you point me to where I can adjust this?,Notifications
TKT-01501,Silent notifications on Android,I am getting the banner on my screen but there is no sound or vibration. I checked my volume settings and they are turned up. Could this be a conflict with another app?,Notifications
TKT-01502,Requesting push notifications for specific items,"I want to be alerted only when my specific watched items change status. Currently, I get notified for everything, which is too much information. Can we customize filters for notifications?",Notifications
TKT-01503,Error while trying to save notification settings,"Every time I click save on the notification preferences page, I get a 'server error' message. I have tried clearing my cache and using a different browser but nothing works. Please help.",Notifications
TKT-01504,Notifications appear on phone but not on watch,"I can see the notifications on my phone, but my smartwatch isn't vibrating for them anymore. Everything was working fine until yesterday. Is there a specific permission I need to re-enable?",Notifications
TKT-01505,Notifications seem to stop after long inactivity,"If I don't use the app for a few days, I stop getting all notifications until I physically open the app again. I need to get alerted regardless of my recent usage. Is there a background sync issue?",Notifications
TKT-01506,How to turn on push notifications?,"I am not very tech-savvy, but I want to make sure I don't miss any messages from you. Could you provide a simple step-by-step guide on how to enable alerts for me? Thank you for your help.",Notifications
TKT-01507,Notification inbox is blank,"My in-app notification bell icon shows a red dot, but when I click it, the list is completely empty. It feels like the data isn't loading correctly. Do you know what might be causing this?",Notifications
TKT-01508,Not receiving email alerts for new messages,"I am not getting any email notifications when I receive a new message in the app. I have checked my spam folder and settings, but everything seems correct. Can you help me fix this?",Notifications
TKT-01509,Push notifications are delayed by hours,The push notifications on my phone are arriving way too late. Sometimes I get an alert three hours after the actual event occurs. This makes the notification system completely useless for my workflow.,Notifications
TKT-01510,Too many duplicate alerts,I keep getting the same alert pinged to my device five times in a row. It is extremely annoying and is draining my battery. Please look into why your server is sending redundant messages.,Notifications
TKT-01511,Unable to toggle desktop sound notifications,"I have tried disabling the sound for desktop notifications in my preferences, but they keep beeping. I need these to be silent while I am working. Please let me know how to force this off.",Notifications
TKT-01512,Missing mobile push notifications after update,"Ever since the latest app update, I have stopped receiving all push notifications on my phone. I have already tried reinstalling the application and restarting my device, but nothing changed. Is there a known bug with the current version?",Notifications
TKT-01513,Custom sound settings not saving,"I am trying to set a custom alert sound for priority notifications, but the app keeps reverting to the default beep. It is very frustrating to deal with this UI bug every single day. Please fix the save function in the settings menu.",Notifications
TKT-01514,Getting notifications for inactive projects,I keep getting pinged about activity in projects that I have already archived. It is cluttering up my notification center and distracting me. How do I stop alerts for projects I am no longer part of?,Notifications
TKT-01515,SMS alerts stopped working,"I rely on the SMS alert feature for urgent updates, but I have not received a text message in two days. Is there a service outage affecting the messaging gateway? Please verify if my number is still correctly registered.",Notifications
TKT-01516,In-app banner covers the navigation menu,"When a new notification banner pops up at the top of the screen, it blocks the main navigation menu. This makes it impossible to click on other features while the alert is active. Could you move the pop-up location?",Notifications
TKT-01517,Weekly digest email frequency,I am receiving the weekly summary email every single day instead of once a week. My settings clearly show the weekly option selected. Please adjust this on your end as it is becoming spammy.,Notifications
TKT-01518,Notification badge count is incorrect,"My app icon shows a red badge with a '1' on it, but there are no unread notifications when I open the app. I have cleared the cache and refreshed, but the number just won't go away. This is really bothering me.",Notifications
TKT-01519,Requesting more granular notification controls,I would love to be able to mute notifications only during specific hours of the day. Is this feature currently available or on the roadmap? The current 'all or nothing' approach is not working for my team.,Notifications
TKT-01520,Login alerts are triggering for my own sessions,"Every time I log into the platform, I get an email telling me a new device has logged into my account. It is clearly my own machine because I recognize the browser and location. These security alerts are creating unnecessary panic.",Notifications
TKT-01521,Browser notifications crashing the tab,"Whenever I click on a browser notification to jump to a specific item, the page freezes and crashes. This happens consistently across different browsers. Please investigate this stability issue.",Notifications
TKT-01522,Silent mode not honored by app,"My phone is set to vibrate only, but the app still plays audio alerts at full volume. It is very embarrassing during meetings. Please ensure the app respects system-wide sound profiles.",Notifications
TKT-01523,No desktop notification when app is minimized,"I only get notifications when the window is the active focus on my desktop. If I minimize it to the tray, all alerts stop appearing. How can I keep getting updates in the background?",Notifications
TKT-01524,Email notifications are formatted poorly,The HTML in your email notifications is broken when viewed in my mobile client. The text is overlapping and some buttons are invisible. Can you please update your email templates to be more responsive?,Notifications
TKT-01525,Push notifications failing on older OS,I am using an older smartphone and the push alerts seem to be failing completely now. Is there a minimum system requirement I am missing? I really need these updates to stay on track.,Notifications
TKT-01526,Delay in real-time alert delivery,I am experiencing significant lag in notifications for time-sensitive tasks. Sometimes the alert arrives only after the deadline has passed. Is there any way to prioritize these specific system messages?,Notifications
TKT-01527,Incorrect timezone in notification timestamp,The timestamps on my push notifications are consistently off by exactly six hours. I have checked my time zone settings in the profile and they are correct. It seems like the server is using a different base time.,Notifications
TKT-01528,Not receiving push notifications on mobile,"I have checked my settings and notifications are enabled, but I never get alerts for new messages. I already tried reinstalling the app twice. It is really frustrating missing these updates.",Notifications
TKT-01529,Too many email alerts for simple actions,Can I please turn off the email notifications for every single comment? It is cluttering my inbox way too much. I only want to see daily summaries instead.,Notifications
TKT-01530,Desktop alerts not appearing on macOS,"I recently updated my operating system and now the desktop notifications have stopped working entirely. The browser permissions seem correct, but nothing pops up. Any suggestions on what to check next?",Notifications
TKT-01531,Delayed notifications causing missed deadlines,The notifications for assigned tasks are coming through nearly an hour late. This has caused me to miss several critical updates today. Is there a way to prioritize these alerts?,Notifications
TKT-01532,Turning off SMS alerts permanently,"Please stop sending text messages to my mobile device. I have opted out through the portal multiple times, but I keep getting marketing alerts. This needs to stop immediately.",Notifications
TKT-01533,App badges showing incorrect counts,"My app icon shows that I have five unread notifications, but my inbox is empty. I have cleared the cache and refreshed the page, but the badge number won't go away. How do I force a sync?",Notifications
TKT-01534,Weekly digest missing from my inbox,"I used to receive the weekly summary email every Monday morning, but it stopped arriving last month. I checked my spam folder and verified my preferences in the account settings. Can you see why these are failing to send?",Notifications
TKT-01535,Multiple duplicate notifications for one event,I get the same notification about five times in a row whenever I receive a direct message. It is very distracting and annoying to clear them all. Is this a known bug?,Notifications
TKT-01536,Missing sound alerts on Android,"My phone vibrates when a notification comes in, but there is no sound at all. I have checked the global volume settings and the app-specific sound settings. Everything appears to be configured correctly.",Notifications
TKT-01537,Configuration options not saving in settings,"Every time I try to uncheck the marketing notification box, it re-enables itself after I hit save. I just want to receive transactional updates only. Can you manually update this for me on your end?",Notifications
TKT-01538,In-app notifications are blocking the UI,The banner notifications at the top of the screen stay there for too long and block the navigation menu. Can I adjust the timeout duration for these pop-ups? It makes the app very difficult to use.,Notifications
TKT-01539,Push notifications failing after software update,"Since the recent app update, my device no longer alerts me to new activity. I have confirmed that notification permissions are allowed in my device settings. Please help me restore this functionality.",Notifications
TKT-01540,Incorrect time zone for scheduled alerts,The notification for my daily schedule is firing at 3:00 AM instead of 8:00 AM. It seems like the system is using a different time zone than what I set in my profile. How can I fix this discrepancy?,Notifications
TKT-01541,Browser push notifications never prompt,"I want to enable desktop notifications, but the browser never shows the prompt to allow them. I have checked the site settings and it is not listed as blocked. Is there a way to trigger the prompt manually?",Notifications
TKT-01542,Notification settings reset after logout,"I have spent time customizing my notification preferences, but they seem to reset to default every time I log out and back in. This is becoming a chore to fix daily. Is there a way to make these settings stick?",Notifications
TKT-01543,Unable to customize alert sounds,"I see the option to change notification sounds, but clicking it does absolutely nothing. I am stuck with the default tone which I find quite grating. Are there any known issues with the sound selection menu?",Notifications
TKT-01544,Urgent notifications are getting lost in feed,Important security notifications are being mixed in with general news updates. Is there a way to filter or pin specific types of alerts to the top of my feed? I need a way to distinguish the high-priority ones.,Notifications
TKT-01545,System notifications overlapping on small screens,"On my mobile phone, the notifications overlap with the taskbar, making it impossible to click. This only happens when I receive multiple alerts at once. Could you add a slight delay or spacing between notifications?",Notifications
TKT-01546,Request for quiet hours feature,"I love the app but the constant notifications at night are disruptive. Is there a way to implement a 'Do Not Disturb' mode or scheduled quiet hours? I don't want to turn off alerts completely, just during sleep hours.",Notifications
TKT-01547,No notification for failed transactions,"I recently had a payment fail, but I never received a notification about it. I only discovered the issue when I checked the history manually. Could you add an alert for failed activities?",Notifications
TKT-01548,Not receiving email alerts for new messages,"I have been waiting for notifications about new messages for a few hours now. I checked my spam folder and settings, but everything seems correct. Can you help me figure out why these are not coming through?",Notifications
TKT-01549,Push notifications are delayed by several minutes,"My phone gets the notifications, but they arrive nearly ten minutes after the actual event occurs. This makes the alerts useless for time-sensitive tasks. Is there a way to sync them in real-time?",Notifications
TKT-01550,Getting constant notification spam,I am getting pinged every five minutes with promotional offers that I never signed up for. It is incredibly annoying to have my phone buzz constantly. How do I turn off these marketing alerts while keeping the important system updates?,Notifications
TKT-01551,Desktop app notification sound not working,"Even though I have the sound enabled in the settings menu, my desktop app remains silent when a notification appears. I have checked my system volume settings and reinstalled the application. Nothing seems to fix the issue.",Notifications
TKT-01552,Cannot enable push notifications on my tablet,"I tried to toggle the push notification switch, but it remains greyed out. My operating system is fully updated, and I have granted all necessary permissions. Please assist me in resolving this.",Notifications
TKT-01553,Missing important status update alerts,I didn't receive any notification when my status changed this morning. I rely on these to know when to start my workday. Please look into why the system failed to trigger the alert.,Notifications
TKT-01554,Browser notifications are showing up blank,"Whenever a notification pops up in my browser, it shows an empty box with no text inside. It started happening after the last platform update. Can someone explain how to fix this rendering error?",Notifications
TKT-01555,Notification badge count is incorrect,"My app icon shows that I have three unread messages, but my inbox is completely empty. It is driving me crazy seeing that red dot all the time. How do I clear the notification count?",Notifications
TKT-01556,Duplicate alert notifications for every event,I get the exact same notification two or three times in a row for every single action. It is cluttering up my notification center and making it hard to see other alerts. Is there a bug causing this duplication?,Notifications
TKT-01557,Notification settings keep resetting themselves,"Every time I log out and log back in, all my notification preferences revert to the factory defaults. I have to manually disable the ones I don't want every single day. Is there a way to save my profile settings permanently?",Notifications
TKT-01558,SMS notifications are not being delivered,"I set up text message alerts for security, but I have not received a single one yet. I verified that my mobile number is correct in my profile. Are there issues with the messaging provider right now?",Notifications
TKT-01559,Notifications appearing at the wrong time,"I keep getting notifications for things that happened yesterday, and it is very confusing. It seems like the timestamp logic is completely broken. Can you please check why my alert history is so disorganized?",Notifications
TKT-01560,In-app banner notifications cover up buttons,"When a notification banner appears, it stays on screen too long and blocks the navigation menu. This makes it impossible to click certain buttons until the banner fades away. Could you allow us to dismiss them faster?",Notifications
TKT-01561,Need help disabling email notifications,I want to stop getting emails about every little thing my team does. I went to settings but I am overwhelmed by all the options. Can you guide me on how to stop these email alerts immediately?,Notifications
TKT-01562,Notification history is completely missing,"I clicked the history tab to review a previous alert, but the entire list is blank. Usually, I can see the past week of notifications here. Did something change with the update?",Notifications
TKT-01563,High battery drain due to background notifications,"My device is reporting that your app is the primary cause of battery drain, specifically due to background notification processes. Is there a way to optimize how the app fetches these alerts? I don't want to delete the app, but I need to save my battery.",Notifications
TKT-01564,Notifications show sensitive information,I do not want the notification pop-up to show the full message content for privacy reasons. How do I configure it so that it only says 'New Message' instead of showing the text? I checked the settings but could not find this option.,Notifications
TKT-01565,System notifications are causing app crashes,"Whenever I tap on a push notification to open the app, it immediately crashes to the home screen. It only happens when I enter through the notification, not when I open the app manually. This has been happening for two days now.",Notifications
TKT-01566,No way to customize notification sounds,I want to set a unique sound for critical alerts so I know when to jump on them. The current menu only allows for a single global notification sound. Is there any way to change this for different alert types?,Notifications
TKT-01567,Urgent notifications are not bypasses Do Not Disturb,"I need important alerts to bypass my phone's Do Not Disturb mode, but they are currently being silenced. I have checked the priority settings, but it does not seem to work. Could you explain the proper configuration?",Notifications
TKT-01568,Not receiving push notifications on mobile app,"I have checked my settings and everything appears to be enabled, but I am not getting any alerts when I receive a new message. I have already tried reinstalling the application twice today. Please help me fix this as I am missing important updates.",Notifications
TKT-01569,Too many marketing emails,I am getting way too many promotional emails from your company every single day. I would like to stay subscribed to transaction updates but please stop sending me these daily marketing blasts. How can I manage my notification preferences?,Notifications
TKT-01570,Delayed delivery of SMS alerts,"The SMS authentication codes I request take nearly ten minutes to arrive. By the time I get the text, the code has already expired. This is making it impossible to log into my account.",Notifications
TKT-01571,Notifications show up without sound,"My phone is not making any noise when I get a notification from your app. It vibrates fine, but I need the audio alert to be enabled. I have checked my device volume and it is turned up all the way.",Notifications
TKT-01572,Receiving alerts for activities that aren't mine,I keep getting push notifications about account changes that I did not initiate. It is very concerning to see these alerts pop up on my screen. Can you verify if my security is compromised?,Notifications
TKT-01573,Unable to disable email newsletters,"I clicked the unsubscribe link in the footer of your email, but I am still receiving daily newsletters. I have tried this multiple times over the last week. Please remove my address from the mailing list manually.",Notifications
TKT-01574,Notification badge count is stuck,"The little red bubble on the app icon shows that I have three unread messages, even though my inbox is completely empty. It is very annoying to see that constant notification alert. How do I clear this count?",Notifications
TKT-01575,Desktop browser notifications not working,"I granted permission for desktop alerts in Chrome, but nothing pops up when I receive a reply. I have verified that my system focus assist is turned off. Could you guide me through the troubleshooting steps?",Notifications
TKT-01576,Wrong timezone for scheduled reminders,"The scheduled email reminders I receive are arriving at strange hours in the middle of the night. My account settings show the correct timezone, but the system seems to be ignoring it. Please look into this issue.",Notifications
TKT-01577,Stop the push notifications please,Please turn off all push notifications for my profile immediately. I am getting distracted by them during work hours. I don't see an option to turn them all off at once in the dashboard.,Notifications
TKT-01578,Missing push notification logs,Is there a way to view a history of past push notifications I have received? I cleared my phone screen by accident and lost a really important notification message. I need to recover the information contained in that alert.,Notifications
TKT-01579,Persistent sound alert loop,"Whenever I receive an alert, my phone plays the notification sound in a loop until I manually open the application. It is extremely disruptive during meetings. How do I make it play just once?",Notifications
TKT-01580,Notifications not syncing across devices,"If I read a notification on my tablet, it still shows as unread on my phone. They should sync up so I don't have to clear them twice. Is this a known bug or a setting I need to change?",Notifications
TKT-01581,In-app notifications are blocking the UI,The banner notifications that appear at the top of the screen stay there too long and cover up the navigation buttons. It makes it very difficult to click anything while the alert is active. Can we reduce the duration they stay visible?,Notifications
TKT-01582,Notification content not displaying,"The notification pops up, but it just says new message instead of showing the actual content. I want to be able to read the preview from the lock screen for efficiency. Where is this setting located?",Notifications
TKT-01583,Weekly summary report errors,"The data in my weekly summary email notification does not match the actual activity in my account dashboard. The report says I had zero activity, but I was active all week. Please check why my summary reports are inaccurate.",Notifications
TKT-01584,Request for more granular notification controls,I would love to be able to toggle alerts for specific event types rather than just an all-or-nothing switch. Is there a roadmap for adding more advanced customization to the notification center? I only want alerts for urgent items.,Notifications
TKT-01585,Empty notification inbox,"I received a push notification saying I had a new message, but when I tapped it, the app opened to an empty screen. I have tried refreshing the view several times but nothing appears. Did the message get deleted?",Notifications
TKT-01586,Duplicate email alerts,I am getting the same notification sent to my inbox three or four times every time there is an update. This is cluttering my email significantly. Please fix this bug so I only receive one alert per update.,Notifications
TKT-01587,System notifications causing lag,"Every time a notification arrives, the entire application freezes for a few seconds. This happens on both my mobile device and my desktop client. It seems like the notification trigger is causing a performance issue.",Notifications
TKT-01588,Stop sending me daily marketing emails,I keep getting promotional messages every single morning despite opting out multiple times. It is getting incredibly frustrating to see my inbox cluttered with these advertisements. Please remove my address from your mailing list immediately.,Notifications
TKT-01589,Missing push notifications on Android,"My app is no longer sending alerts when I receive a new message. I have checked my system settings and the notifications are enabled there, but the app seems to ignore them. Could you please provide troubleshooting steps to fix this?",Notifications
TKT-01590,Desktop browser alerts not appearing,"I enabled web notifications in my settings, but I am not seeing any pop-ups when updates occur. I am using the latest version of Chrome on Windows. Any advice on how to get these working again?",Notifications
TKT-01591,Too many SMS alerts for account activity,I am receiving a text message every time I log in to my account. This is overkill and I would like to disable these security alerts. Where exactly can I turn these off in the dashboard?,Notifications
TKT-01592,Delayed delivery of system alerts,"I am experiencing a significant lag in receiving critical system notifications. Sometimes they arrive hours after the event has already passed, which makes them useless. Is there a known issue with your notification server?",Notifications
TKT-01593,No sound with app alerts,"My phone vibrates for notifications, but there is no sound associated with the alerts. I have double-checked my volume and notification sound settings. It seems to be an issue specific to this application.",Notifications
TKT-01594,Request to change notification frequency,Is it possible to receive my usage reports weekly instead of daily? I don't need these updates every single morning. I couldn't find a setting for frequency in my profile.,Notifications
TKT-01595,Ghost notifications on my screen,"I keep seeing a notification badge on my app icon, but when I open the app, there are no unread messages. It is driving me crazy having this constant alert indicator. How do I clear the badge?",Notifications
TKT-01596,Not receiving email verification codes,I am trying to reset my password but the verification code never shows up in my inbox. I have checked my spam folder and it is completely empty. Please help me get access to my account again.,Notifications
TKT-01597,Unable to customize notification sounds,"I would like to set a unique alert sound for urgent messages, but the menu only shows default options. Is there any way to upload a custom tone? I am using the mobile application on iOS.",Notifications
TKT-01598,Notification settings keep resetting,"Every time I update the app, my notification preferences revert back to the default settings. It is annoying to have to turn off the sound and banner alerts manually every few weeks. Can you please look into why this is happening?",Notifications
TKT-01599,Can I receive alerts via Telegram instead?,I prefer using Telegram for my notifications rather than traditional email or SMS. Is there any way to integrate my account with a bot for alerts? I find external messaging platforms much more reliable.,Notifications
TKT-01600,Push notifications are cut off,The text in my push notifications is often truncated before the end of the sentence. Is there a limit to how many characters are displayed? It makes it hard to understand the full context of the alert.,Notifications
TKT-01601,Receiving duplicate alerts for the same event,I get the exact same notification two or three times in a row for every single event. It is filling up my notification center unnecessarily. Please check if there is a glitch in your trigger system.,Notifications
TKT-01602,Unable to disable push notifications,"I went into the settings to turn off all alerts, but they are still coming through. I have toggled the switches multiple times and even reinstalled the app. Nothing seems to stop the constant pinging.",Notifications
TKT-01603,Missing important status updates,I noticed that I only get alerts for some status changes but not all of them. I rely on these to track my ongoing projects. Could you check if my account is missing any notification flags?,Notifications
TKT-01604,Urgent notifications are not showing on lock screen,"I need these specific alerts to show up on my lock screen immediately. Right now, I have to unlock my phone and open the app to see them. Please advise on how to prioritize these notifications.",Notifications
TKT-01605,Are there desktop notifications for Safari?,"I am trying to get notifications on my Mac, but the site says my browser is not supported. Do you plan on adding support for Safari push notifications soon? It would be much more convenient for me.",Notifications
TKT-01606,Notification settings page is blank,"When I try to click the notifications tab in my user settings, the page stays completely white. I have tried refreshing and clearing my cache, but it still won't load. Is there a site-wide outage affecting this page?",Notifications
TKT-01607,Too many emails about unrelated products,"I signed up for alerts about my specific hardware, but now I get emails about other products I don't own. Please fix my subscription settings to only include relevant topics. I do not want to unsubscribe from everything.",Notifications
TKT-01608,Stop sending me so many daily digest emails,I am receiving a summary email every single morning and it is cluttering my inbox. I checked my settings but cannot find the toggle to turn this off. Could you please show me how to unsubscribe from these daily alerts?,Notifications
TKT-01609,Data export failing to CSV format,"I am trying to export my monthly analytics report, but the download keeps failing at 99%. I have tried using both Chrome and Firefox but the result is the same. Could you please check if there is an issue with the export server?",Data Management
TKT-01610,Unable to delete duplicate contact records,"My contact list is full of duplicates that were created during the last sync. When I try to select and delete them, the system throws an error message about a foreign key constraint. Can someone assist me in cleaning up this data without affecting my active campaigns?",Data Management
TKT-01611,Import tool is not recognizing column headers,"I'm uploading a spreadsheet to update my inventory, but the mapping tool isn't detecting the headers correctly. It keeps treating the first row as actual data instead of labels. What is the correct format I need to follow for a smooth import?",Data Management
TKT-01612,Data retention policy settings unclear,"I need to configure our data retention settings to comply with company policy, but the dashboard is a bit confusing. Is there a way to set automatic deletion for logs older than ninety days? I want to make sure I don't accidentally wipe important history.",Data Management
TKT-01613,API returning inconsistent data values,We are noticing that the API response for our user profile data is inconsistent during peak hours. Sometimes fields return null even when the data exists in the database. This is causing our front-end application to break intermittently.,Data Management
TKT-01614,Requesting full data deletion for account,I would like to exercise my right to have all of my personal data permanently removed from your servers. Please confirm once this process is complete and my account is fully closed. I no longer wish to be part of your platform.,Data Management
TKT-01615,Sync between cloud storage and local database failed,"My local database hasn't updated from the cloud in over three days. The sync service appears to be running, but no new records are appearing in my dashboard. I've restarted the service twice with no luck.",Data Management
TKT-01616,Batch update error 500,"I tried to update the status of five hundred records at once, but the platform threw a 500 internal server error. Now I don't know which records were updated and which ones were left pending. How can I verify the status of this batch operation?",Data Management
TKT-01617,Formatting issues in generated PDF reports,"When I generate reports, the numerical data is getting cut off on the right side of the page. It makes the document impossible to read for my stakeholders. Is there a way to adjust the layout or margins for better readability?",Data Management
TKT-01618,Missing historical logs for auditing,"I went to look for activity logs from last month, but they seem to be missing from the audit trail. We are currently undergoing an internal review and need this information immediately. Can your team recover these logs from a backup?",Data Management
TKT-01619,Data migration delay,"We were told our data migration would be finished by yesterday, but the progress bar is still stuck at seventy percent. Can you provide an update on why this is taking longer than expected? Our team is currently blocked on this.",Data Management
TKT-01620,Unexpected schema change in exported files,"The export files have changed their column order, which is breaking our automated ingestion scripts. Was there a recent update to the platform? Please let me know if we can revert to the previous format to save us a lot of development work.",Data Management
TKT-01621,Cannot merge user records,"I have two user profiles that belong to the same person, and I need to merge them. The merge button is greyed out even though I have administrator permissions. Can you help me combine these records manually?",Data Management
TKT-01622,Data synchronization latency,"There is a significant delay between when a record is updated in the mobile app and when it appears in the web console. It used to be almost instant, but lately, it takes several minutes. Is there a way to force a refresh?",Data Management
TKT-01623,Slow query performance on large datasets,Queries that used to take seconds are now timing out because our dataset has grown quite large. Is there a way to optimize these queries or index our tables for faster retrieval? I am open to any suggestions on how to improve this.,Data Management
TKT-01624,Encoding errors with special characters,Our customer names containing accented characters are showing up as garbled symbols in the database. It seems like a character encoding issue during the data ingestion process. How can we fix this so names display correctly?,Data Management
TKT-01625,Permission error when accessing shared data,"My team member shared a data folder with me, but I receive a 'permission denied' error when I try to open it. We both have standard licenses, so I'm not sure what is causing the blockade. Can you please check our access levels?",Data Management
TKT-01626,Unable to clear cache for data updates,"I updated some product pricing, but the store is still showing the old prices to visitors. I believe it is a caching issue on your end. How do I force a cache purge for my account data?",Data Management
TKT-01627,Corrupt file upload,"I tried uploading my monthly data file, and the system said the file was corrupt. I checked the file on my computer and it opens just fine in Excel. Could there be an issue with your file validation script?",Data Management
TKT-01628,Dashboard not reflecting live data,"The charts on my main dashboard haven't updated since this morning. I've tried clearing my browser cache and logging in again, but nothing changed. Can you confirm if the data pipeline is currently operational?",Data Management
TKT-01629,Unable to export user database to CSV,"I have been trying to download our monthly user activity report, but the export button just hangs. I waited for over ten minutes and eventually received a 504 Gateway Timeout error. Could you please check if the server is processing these requests correctly?",Data Management
TKT-01630,Unexpected data truncation in API responses,We are noticing that our integration is cutting off field values exceeding 255 characters. This is causing significant issues with our CRM synchronization. Can you confirm if there is a character limit enforced on the endpoint?,Data Management
TKT-01631,Need help restoring accidentally deleted table,I made a huge mistake and dropped the wrong production table this morning while running a migration script. Is there any way to roll back to a backup from earlier today? I am panicking and really need this data recovered.,Data Management
TKT-01632,Latency spikes during bulk data uploads,"Whenever I attempt to batch import more than a thousand records, the system performance tanks for every other user. Is there a way to throttle the background upload tasks so it doesn't impact our live production environment? Please let me know if there's a best practice for this.",Data Management
TKT-01633,Inconsistent field formatting in synced datasets,The date formats in my synced datasets keep switching between DD-MM-YYYY and MM-DD-YYYY. It is creating a mess for our reporting team. How can I force a standardized format across all incoming data streams?,Data Management
TKT-01634,Data synchronization stuck on pending status,"My dashboard has been showing 'Syncing Data' for the past three hours. Nothing seems to be updating, even though the connection status shows as green. I have tried refreshing the page but it doesn't help.",Data Management
TKT-01635,Requesting access to archived historical logs,I need to retrieve transaction logs from last year for an audit. I cannot see these in the standard logs interface. How do I request access to the archived storage buckets?,Data Management
TKT-01636,Error 403 when accessing data warehouse,"I usually have full read access to the analytics warehouse, but today I am getting a permission denied error. My team lead said my credentials should be fine. Could you verify if my access permissions were modified recently?",Data Management
TKT-01637,Bulk delete process failing silently,"I selected five thousand old records to delete, but the progress bar just disappears after a few seconds. When I check the database, all the records are still there. Is there a server-side error preventing this bulk action?",Data Management
TKT-01638,Schema mismatch during data import,"I am trying to upload a JSON file to populate a new collection, but the system keeps complaining about a schema mismatch. I followed the documentation exactly, but it still throws an error on the fifth line. Can I get a sample schema template to compare against?",Data Management
TKT-01639,Slow query performance on join operations,We have a report that performs a join between two large tables and it is currently taking nearly a minute to run. Are there any indexes we can add to speed this up? The current wait times are affecting our internal team's productivity.,Data Management
TKT-01640,Duplicate entries appearing after merge,"I attempted to merge two customer records, but now both entries appear twice in the master list. It seems like the primary key mapping failed during the merge process. How can I clean this up without losing the original transaction history?",Data Management
TKT-01641,Field mapping not saving changes,"I updated the field mapping for our external data feed, but the changes do not seem to persist. Every time I hit save, the interface flickers and reverts to the old configuration. Is this a browser caching issue?",Data Management
TKT-01642,Data enrichment service is timing out,The automatic data enrichment service is constantly timing out when processing incoming webhooks. We are losing valuable lead information because of this. Is there a way to increase the timeout duration for these requests?,Data Management
TKT-01643,Clarification on data retention policy,Could you provide details on how long our raw telemetry data is kept in your system? We are updating our internal compliance documents and need to state the exact retention period. A quick summary would be very helpful.,Data Management
TKT-01644,Database connection refused by app,"Our application can no longer reach the database, and we are seeing connection refused errors. We haven't changed any configuration on our end. Is there an outage or maintenance occurring that we should know about?",Data Management
TKT-01645,Unable to map null values in CSV import,My import tool keeps throwing an exception whenever it encounters a null field in the CSV. I want the system to treat these as empty strings instead of crashing. Is there a setting I can toggle to handle this automatically?,Data Management
TKT-01646,Invalid character encoding in exported files,The special characters in our user names are showing up as garbled symbols in every report export. It seems like the system is using a different character encoding than what we expect. Can you confirm if you support UTF-8 for all export types?,Data Management
TKT-01647,Search index out of sync with database,The search function is missing items that I know were added to the database this morning. It looks like the search index hasn't updated in several hours. How can I manually trigger a re-index of the data?,Data Management
TKT-01648,Discrepancy in analytics totals,The total count shown in the dashboard does not match the sum of the individual report segments. It looks like some records are being counted twice or skipped entirely. Can you help us investigate this discrepancy?,Data Management
TKT-01649,Data export failing to download,"I have been trying to export my monthly analytics report for the last hour, but the download link keeps timing out. I have tried refreshing the browser and clearing my cache, but the issue persists. Could you please check if there is an issue with the file generation service?",Data Management
TKT-01650,Inconsistent data syncing across devices,"My workspace data is not updating correctly when I switch between my office desktop and my laptop. I have verified that I am logged into the same account, but the changes I made this morning are completely missing on the second machine. Please look into why the cloud sync is failing to push these updates.",Data Management
TKT-01651,Batch upload error 403,I am getting an access denied error every time I try to upload a bulk CSV file to the data warehouse. I am using the standard import tool and my permissions should be correct. Why am I being blocked from updating these records?,Data Management
TKT-01652,Cannot merge duplicate customer records,"I have identified several duplicate entries in my database that I need to merge. When I select the merge option, the system just hangs indefinitely without performing the action. Is there a limit to how many records can be processed at once?",Data Management
TKT-01653,API returning null values for specific fields,"We are pulling data via the API and noticing that the 'date_created' field is returning null for all records updated in the last 24 hours. The data is clearly visible in the web dashboard, so it seems like an indexing issue on your end. Can you verify why the endpoint is missing this data?",Data Management
TKT-01654,Unable to delete archive folders,"I need to clean up my dashboard, but the delete button is greyed out for my older archive folders. I have full administrative privileges, so I am not sure why I cannot remove these items. Please help me clear out these old files.",Data Management
TKT-01655,Performance lag when filtering large datasets,"The application becomes completely unresponsive whenever I try to apply more than three filters to my master data table. It takes several minutes to process even simple queries, making it impossible to work efficiently. Is there any way to optimize how these searches are performed?",Data Management
TKT-01656,Data truncation in custom report generator,My generated reports are cutting off long text fields after exactly 255 characters. I need the full description to appear for my audit requirements. How can I configure the settings to allow for full data retention?,Data Management
TKT-01657,Lost data after system maintenance,I logged in this morning following your scheduled maintenance and a significant portion of my data from yesterday is missing. I was working on a large dataset update until late last night. Is there any way to recover the work that was supposedly saved before the servers went down?,Data Management
TKT-01658,Sorting function not working on numeric columns,"The sort feature in the data viewer is treating my numeric columns like text, so 10 comes before 2. This is extremely frustrating when trying to rank items by value. Can you fix the column formatting so that it sorts correctly?",Data Management
TKT-01659,CSV import encoding issue,"Whenever I upload my contact lists, all the special characters like accents and symbols turn into garbled text. I am saving the files in UTF-8 format as requested in the documentation. Why is the system failing to recognize the character encoding correctly?",Data Management
TKT-01660,Automated backup failing daily,"I have noticed that my daily automated backups have been failing for the past three days. I checked the logs, but it only says 'unknown error' without providing any details. Please help me get the backup process running again so I don't lose anything.",Data Management
TKT-01661,Request for data schema documentation,I am trying to map our internal databases to your platform and need a detailed breakdown of the schema. The current help documents are too high-level for my needs. Do you have a technical reference guide that covers field types and relationships?,Data Management
TKT-01662,Database connection timeout during peak hours,Our integration seems to disconnect frequently whenever traffic on the platform is high. It causes our dashboard to display blank widgets until we manually reconnect. Is there a way to increase the timeout limit to prevent these interruptions?,Data Management
TKT-01663,Data visualization chart not loading,"I tried creating a line chart from my time-series data, but the chart area remains empty. I can see the data preview table is populated, so it must be an issue with the visualization engine. How do I get this to render correctly?",Data Management
TKT-01664,Mass deletion of items triggered by mistake,"I accidentally clicked the wrong button and selected delete for my entire project list instead of a single file. Is there any way to undo this action or restore the records from a recent snapshot? This is an emergency, please assist.",Data Management
TKT-01665,Search index not updating,"I updated several records this morning, but they still do not show up when I use the search bar. It seems the search index is not refreshing after I save changes to the database. How long does it usually take for new entries to be searchable?",Data Management
TKT-01666,Permission denied when exporting shared data,"My team member shared a dataset with me and gave me full access, but I am still unable to export the data to my computer. The export option is simply not available for this specific project. Can you clarify the permission hierarchy for shared folders?",Data Management
TKT-01667,Incorrect date formatting in export,The system keeps exporting dates in a weird format that my spreadsheet software does not recognize as a date. I need these to be in YYYY-MM-DD format for consistency with my other reports. Is there a setting I can change to fix this output?,Data Management
TKT-01668,Unable to upload files larger than 10MB,"I am trying to upload a dataset file, but the interface says the file size limit is too small. Is there any way to increase my storage limit or break the file into chunks? I have a lot of data and need to get this into the system.",Data Management
TKT-01669,Data export failing to CSV format,"I am trying to export my monthly analytics report, but the download keeps failing at 99%. I have tried using different browsers, but the result is the same. Could you look into why the file generation process is timing out?",Data Management
TKT-01670,Incorrect data sync between dashboard and database,The numbers I see on my dashboard are significantly lower than what I am querying directly from the backend database. It seems like the synchronization service is lagging behind by several hours. Is there a way to force an immediate refresh of the data?,Data Management
TKT-01671,Duplicate user records found after migration,"Since the system migration last week, I have noticed hundreds of duplicate customer profiles. This is causing major issues with our marketing campaigns. Please advise on how to merge these records without losing purchase history.",Data Management
TKT-01672,Cannot upload bulk data file,"I keep getting an 'Invalid File Format' error whenever I try to upload my product inventory via the CSV uploader. I double-checked the header row against your provided template, and everything seems correct. Can someone please verify why the system is rejecting the file?",Data Management
TKT-01673,Accidental deletion of dataset,I accidentally deleted a production dataset earlier today and realized too late that I didn't have a local backup. Is it possible for your team to perform a point-in-time recovery for this specific folder? This is quite urgent.,Data Management
TKT-01674,Data retention policy clarification,We are currently conducting an internal audit and need to know exactly how long our raw logs are kept on your servers. Could you point me to the documentation regarding data lifecycle management? We need to ensure we remain compliant.,Data Management
TKT-01675,Permission issue with shared data folder,My team members are unable to access the shared data folder even though I have assigned them read and write permissions. It seems like the access rights are not propagating through the subdirectories. How can we fix this permissions inheritance issue?,Data Management
TKT-01676,API rate limits affecting data ingestion,Our ingestion pipeline is constantly hitting rate limits during our peak traffic hours. Is there any way to increase our current threshold so we can process our logs more efficiently? We would prefer not to throttle our incoming data.,Data Management
TKT-01677,Slow query performance on large datasets,"Queries that used to take seconds are now taking over a minute to return results. We haven't changed our indexing strategy, so I am wondering if there is an issue with the underlying hardware or database scaling. Can you check if the tables require a vacuum or re-indexing?",Data Management
TKT-01678,Data mapping error in integration,The new integration between our CRM and your platform is mapping the 'Phone Number' field to the 'Zip Code' column. This is causing all of our data to be completely scrambled. Please help us fix the field mapping configuration immediately.,Data Management
TKT-01679,Inconsistent date formatting in reports,Some of my generated reports show dates in MM/DD/YYYY while others use DD/MM/YYYY. This inconsistency is making it very difficult to sort our data in Excel. Is there a setting I can change to normalize this globally?,Data Management
TKT-01680,Database connection timeout errors,I am experiencing intermittent connection drops when trying to run heavy analytics queries. It seems like the connection is closing before the query finishes executing. Do I need to increase my connection timeout settings?,Data Management
TKT-01681,Request to anonymize historical customer data,We need to comply with new privacy regulations and need to anonymize all historical data prior to 2022. What is the best process to perform a mass update to clear out personal identifiers while keeping the transaction metrics intact?,Data Management
TKT-01682,Missing data points in time-series chart,There is a massive gap in my time-series chart from Tuesday between 2 PM and 4 PM. It looks like the system stopped recording data points during that window. Was there an outage that caused this loss of data?,Data Management
TKT-01683,Unable to preview JSON data structure,"The data preview feature is not rendering any of my JSON payloads correctly in the interface. It just shows a blank white box instead of the tree view. I have already cleared my cache, but the issue persists.",Data Management
TKT-01684,Data import failed due to encoding,"Every time I import a spreadsheet containing special characters, the symbols turn into weird question marks or gibberish. I believe it is an encoding issue, but I have saved the file as UTF-8. How should I format the file to ensure the data is imported properly?",Data Management
TKT-01685,Request for data schema documentation,We are looking to build a custom dashboard using your raw data feed. Do you have a schema definition file or an entity relationship diagram available? We want to make sure we understand the database structure before we start writing our queries.,Data Management
TKT-01686,Storage quota exceeded notice,"I received an email stating that my account is nearing its storage limit, but I have deleted several large files already. Does the trash bin still count towards my total usage? Please clear the storage permanently so I can upload new datasets.",Data Management
TKT-01687,Validation failing for custom fields,"I created several custom data fields, but the validation rules are not working as expected. Even when I input data that meets the criteria, the system throws a validation error. Could you review the configuration for these fields?",Data Management
TKT-01688,Corrupt file during data download,The file I downloaded is corrupted and cannot be opened by any of my software applications. I have tried downloading it three times now with the same result. Could you generate a new link or check if the file on your server is healthy?,Data Management
TKT-01689,Data export failing with empty CSV file,"I have tried to export my project data three times now, but every time I download the file, it is completely empty. My data set is quite large, so I am not sure if it is timing out or if there is a bug in the filtering tool. Could you please check if my export is stuck in the queue?",Data Management
TKT-01690,Cannot import customer list due to column mapping error,"The system keeps rejecting my CSV file whenever I try to upload my contact list. It says there is a header mismatch, but I have verified the columns multiple times against your template. Is there a specific character encoding I should be using for this to work?",Data Management
TKT-01691,Search index not updating after database migration,"Since the server migration yesterday, none of the newly added records are appearing in the global search. I have tried clearing my browser cache and logging out, but the search results remain stale. Please let me know if I need to trigger a manual re-index of the database.",Data Management
TKT-01692,Request to permanently delete user history,I would like to exercise my right to have all my activity history permanently purged from your servers. Could you provide a confirmation once this data management request has been processed? I want to ensure that no trace of my past activity remains in your system.,Data Management
TKT-01693,Slow query performance on reporting dashboard,"My custom reports have become incredibly slow to load over the past few days. It takes nearly two minutes just to render the graph, which makes the tool unusable for my daily meetings. Are there any known issues with data retrieval speed currently?",Data Management
TKT-01694,Unable to merge duplicate records,"I have several duplicate user accounts that I am trying to combine, but the merge button is greyed out. I have administrator permissions, so I am confused why I cannot execute this action. Can you please assist me in cleaning up these records?",Data Management
TKT-01695,Data synchronization issue between mobile and desktop,My changes made on the mobile app are not reflecting on the desktop version. I have verified that I am logged into the same account on both devices. How can I force a sync to ensure my data stays consistent?,Data Management
TKT-01696,Batch update failing for bulk records,"I attempted to update the status of 500 records simultaneously using the bulk edit tool, but it threw a server error halfway through. Now some records are updated and others are not, which is causing a major mess. Can you assist me in reverting these changes or completing the update?",Data Management
TKT-01697,Data integrity concern regarding null values,"I have noticed that several fields in my data export are showing as null, even though I clearly populated those values in the UI. This is causing issues with my third-party analytics software. Can you explain why the database is not saving these specific fields correctly?",Data Management
TKT-01698,Need help restoring accidentally deleted data,I made a huge mistake and deleted an entire folder of client documents earlier this morning. Is there any way for your team to restore this data from a previous backup? This is urgent and I would appreciate your help immediately.,Data Management
TKT-01699,Field mapping issues with API integration,The JSON payload being returned by your API is missing the 'created_at' timestamp for several endpoints. I have checked my request headers and everything seems correct on my end. Could you verify if there has been a recent change to the data schema?,Data Management
TKT-01700,Reported data discrepancy in monthly summary,The numbers in my monthly financial summary do not match the raw logs I pulled yesterday. It looks like some of the transaction records are being double-counted in the reporting dashboard. I need this fixed so I can submit my monthly report.,Data Management
TKT-01701,Permission error when accessing shared data sets,"I am trying to access a data set that my colleague shared with me, but I keep getting a permission denied error. My colleague confirmed that they have granted me full read-write access. Could this be a permissions caching issue on your server?",Data Management
TKT-01702,Unable to upload large binary files,"I keep receiving a timeout error every time I try to attach large documents to my records. Is there a size limit for individual file uploads? If so, is there a way to batch these uploads instead?",Data Management
TKT-01703,Slow system response during high data traffic,"Whenever my team performs bulk data exports, the entire platform becomes unresponsive for other users. Is there a way to throttle these background tasks so they do not impact the core user experience? We need a better way to handle these heavy operations.",Data Management
TKT-01704,Dashboard visualization not showing historical data,"The charts in my dashboard only show data from the last 30 days. I have the account set to show the last year, but it seems to be ignoring my settings. Is there a limit on how much historical data can be displayed at once?",Data Management
TKT-01705,Request for data format conversion,Is it possible to download my account data in XML format instead of CSV? Our internal systems require XML to process the files correctly. Please let me know if there is an option I am missing in the settings.,Data Management
TKT-01706,Incorrect data filtering logic,"When I filter by date range, the results include entries that fall outside of the selected timeframe. The filter logic seems to be miscalculating the end date. Could you please investigate this bug?",Data Management
TKT-01707,Database connection error on login,I am getting a connection error whenever I try to sign in and load my saved data views. It seems like the database cannot be reached from my current network environment. Everything else on the web works fine for me.,Data Management
TKT-01708,Exported CSV is missing column headers,"I downloaded my data report today, but the first row containing the headers is missing. This makes it impossible for me to parse the file programmatically. Can you fix the export tool to include headers by default?",Data Management
TKT-01709,CSV import failing with invalid delimiter error,I am trying to upload a standard CSV file to the dashboard but it keeps throwing an error about the delimiter. I have checked the file formatting and everything appears to be comma-separated as required. Can someone please look into why the system is rejecting my file?,Data Management
TKT-01710,Unable to export historical reporting data,"I need to pull the last twelve months of data for my quarterly review. Every time I click the export button, the process hangs and eventually times out. Is there a limitation on how much data I can download at once?",Data Management
TKT-01711,Data sync delay between mobile and web,The changes I make on the desktop application are not reflecting on the mobile version for several hours. This is causing significant confusion for our field team. How can I force a refresh of the synchronization?,Data Management
TKT-01712,API returning null values for user profiles,"When I query the user profile endpoint, the birthdate and location fields are consistently returning null even though they are populated in the database. I have verified my authentication tokens are correct. Please advise on why this data is missing from the payload.",Data Management
TKT-01713,Bulk delete feature missing,I have hundreds of duplicate records that I need to purge from the system. It is extremely tedious to delete them one by one. Is there any way to perform a bulk deletion or merge these profiles?,Data Management
TKT-01714,Permission denied during batch data update,"I am getting an access error when attempting to update multiple records via the admin console. I have full read-write privileges, so I am not sure why the system is blocking me. Could you check if my account permissions were accidentally downgraded?",Data Management
TKT-01715,Database connection timeout during peak hours,Our application becomes unresponsive every morning between 9 AM and 10 AM. It seems like the database cannot handle the query volume during these peak times. We might need to look into scaling our connection pool.,Data Management
TKT-01716,Discrepancy in financial data totals,I noticed that the dashboard summary totals do not match the sum of individual line items. This creates a discrepancy that makes our financial reporting look inaccurate. Please help me investigate why the aggregation logic is failing.,Data Management
TKT-01717,Issue uploading large JSON datasets,"My JSON files are around 50MB and the platform keeps crashing during the upload process. I have tried compressing the files, but it does not seem to help. Is there a specific file size limit I should be aware of?",Data Management
TKT-01718,Webhook trigger not firing for data updates,"We have a webhook set up to alert our external system whenever a record is modified, but it hasn't fired in three days. I checked the logs on our end and we received nothing. Could you verify if the webhook service is operational?",Data Management
TKT-01719,Lost data after editing custom fields,"I changed the data type of a custom field from text to integer, and now all the historical data in that column is gone. I did not realize this would cause a data wipe. Is there any way to recover the previous values?",Data Management
TKT-01720,Database index optimization request,Our custom reports are taking nearly a minute to load due to a lack of proper indexing on the main table. Would it be possible for your team to add an index on the user_id column? This would significantly improve our query performance.,Data Management
TKT-01721,Data migration mapping error,"We are attempting to map our legacy database fields to your system, but the date format in the source is causing an import failure. The system expects YYYY-MM-DD but our legacy system uses DD-MM-YYYY. Do you have a tool to handle this transformation during upload?",Data Management
TKT-01722,Backup restore failed,I attempted to restore a backup from last week but received a generic server error. Now I am concerned about the integrity of our data. How can I get a status update on the restoration process?,Data Management
TKT-01723,User metadata not saving correctly,"I keep adding custom tags to my user accounts, but they vanish after I refresh the page. I have clicked the save button multiple times, yet the changes do not persist. Could this be a browser caching issue or a server-side bug?",Data Management
TKT-01724,Slow query performance on joined tables,I am trying to run a complex join query across three tables and it is timing out repeatedly. Is there a recommended way to structure these queries to avoid performance degradation? I am struggling to get the results I need for my team.,Data Management
TKT-01725,Data privacy request: export all records,I would like to exercise my right to have a copy of all the data associated with my profile. Can you provide a secure link to download my entire data history? Please let me know what the next steps are.,Data Management
TKT-01726,Strange characters appearing in generated reports,"When I download the PDF reports, some of the names containing special characters are being displayed incorrectly. It looks like an encoding issue, possibly UTF-8 related. How can we fix this so the names show up properly?",Data Management
TKT-01727,Field validation rules are too restrictive,The current validation rule for the phone number field is preventing me from entering international formats. It seems hardcoded to expect a specific number of digits. Can you update the validation logic to be more flexible for global users?,Data Management
TKT-01728,Automatic data retention policy inquiry,We need to ensure we are compliant with our internal data retention policy. How does the system handle the automatic purging of records after two years? I need to confirm the settings are configured correctly to avoid legal issues.,Data Management
TKT-01729,Data export failing with empty CSV,"I tried exporting my monthly analytics report, but the resulting CSV file is completely empty. I have verified that there is data present in the dashboard view, so I am not sure why the download is not capturing it. Could you please check if there is a server-side error happening during the generation?",Data Management
TKT-01730,Bulk delete action not working,"I am trying to remove old client records from the database, but the bulk delete button is unresponsive. I have selected all the rows, but nothing happens when I confirm. Is there a limit to how many records I can delete at once?",Data Management
TKT-01731,Sync error between CRM and database,My CRM data is not pushing updates to the main management platform correctly. I noticed that several contact changes I made yesterday are still reflecting the old information. Please investigate why the synchronization is lagging.,Data Management
TKT-01732,API returning 500 error on GET requests,The database API has been throwing 500 errors consistently for the past hour when I attempt to query the user table. This is breaking our frontend displays and we need an urgent fix. Let me know if you need the full request payload for debugging.,Data Management
TKT-01733,Need help restoring accidental data overwrite,I accidentally ran a script that overwrote our inventory count for the entire warehouse. Is it possible to perform a point-in-time recovery to restore the data from earlier this morning? This is extremely urgent as it is affecting our shipping operations.,Data Management
TKT-01734,Duplicate entries in customer database,I noticed that our records are being duplicated every time a user updates their profile. It seems like the system is creating new rows instead of updating existing ones. Can we merge these duplicates without losing the transaction history?,Data Management
TKT-01735,Unable to upload CSV file,"I keep getting an error message saying 'invalid file format' whenever I try to upload my client list, even though it is saved as a standard CSV. I've double-checked the headers and they match the template exactly. Could you help me troubleshoot this file?",Data Management
TKT-01736,Slow query performance on reporting dashboard,The reporting module takes over thirty seconds to load every time I run a query on data from the last quarter. Is there an indexing issue on the backend that can be optimized? It is becoming impossible to generate reports efficiently.,Data Management
TKT-01737,Permission error when accessing shared datasets,"My team is getting access denied errors when trying to open the shared marketing dataset. We have the correct permissions assigned in the admin panel, but it still won't let us view the contents. Could you reset our access or check if the dataset was set to private?",Data Management
TKT-01738,Incorrect data formatting in date fields,"The date fields in our generated reports are displaying in an international format, but our local office requires MM/DD/YYYY. How can I change the default locale settings for our entire account? I've checked the settings menu but I cannot find a global configuration.",Data Management
TKT-01739,Inconsistent field labels in data export,Some of the headers in the exported Excel sheets are showing up as system codes rather than the actual field names I defined. This is making it very difficult for the finance team to process the data. Can you ensure the export reflects the human-readable labels?,Data Management
TKT-01740,Cannot purge inactive user accounts,"I am trying to clean up our database by removing inactive accounts that have not logged in for over a year. However, the system prevents me from deleting them due to 'linked dependencies' that aren't clearly defined. Can you help identify what these dependencies are?",Data Management
TKT-01741,Unexpected session timeout during data import,"Every time I start a large data import, the session times out about five minutes in, leaving my data half-uploaded. Is there a way to increase the timeout limit or use a different method for large batches? This is very frustrating.",Data Management
TKT-01742,JSON parsing error on webhook payload,"We are receiving data from a third-party tool, but our system fails to parse it because of a malformed JSON structure in the description field. Does your data ingestor have a way to sanitize incoming payloads before they hit our database? Any advice would be appreciated.",Data Management
TKT-01743,Data truncation in long text fields,It seems that long comments in our feedback forms are being cut off after 255 characters. We need to store the full text for our records. Can the field limit be increased to support longer inputs?,Data Management
TKT-01744,Reporting filters are not applying correctly,"I am trying to filter the sales data by date range, but the report returns all records regardless of the dates I select. It feels like the filter logic is being ignored entirely. Is this a known bug in the current version?",Data Management
TKT-01745,Dashboard showing old data despite cache refresh,"Even after refreshing the page and clearing my browser cache, the dashboard is displaying last week's data. Is there a server-side cache that I can force to refresh? Our team needs to see the current numbers for a client meeting.",Data Management
TKT-01746,Database connection timeout issues,"Our application is intermittently losing connection to the database, resulting in 'connection reset by peer' errors. This usually happens during peak usage times in the morning. Could this be a connection pool exhaustion issue?",Data Management
TKT-01747,Missing columns in standard data export,"I noticed that the standard lead export is missing the custom fields we added last month. Are custom fields automatically included in the export, or do I need to map them somewhere in the settings? Please guide me on how to include these.",Data Management
TKT-01748,Query syntax error after recent update,"Since the update yesterday, our custom SQL queries are failing with a syntax error that wasn't there before. Did you change the underlying database engine or the naming convention for specific tables? We need to update our scripts immediately.",Data Management
TKT-01749,Data export failing for large datasets,"I am trying to export my usage logs as a CSV file, but the process keeps timing out after reaching 90 percent. My dataset is quite large, but I need this data for my quarterly audit today. Is there a way to batch the export or increase the timeout limit?",Data Management
TKT-01750,Inconsistent data syncing between dashboard and API,The numbers shown on my admin dashboard don't match the results I get when querying the API directly. It seems like there is a lag in the database reflection for certain user entries. Could you please check if there is a synchronization delay in your backend?,Data Management
TKT-01751,Cannot bulk delete legacy records,"I've been trying to clean up my workspace by deleting a batch of old records, but the trash icon stays greyed out. I have the necessary permissions, so I'm not sure why this isn't working. It's becoming very cluttered and hard to navigate.",Data Management
TKT-01752,Unexpected error when uploading CSV file,"Every time I attempt to upload my customer list via CSV, I receive a generic error message. I have double-checked the formatting and headers according to your guide. Please let me know what might be causing this rejection.",Data Management
TKT-01753,Restore accidentally deleted database entries,I made a huge mistake and deleted a set of important project files while trying to clean up my folders. Is there a way for your team to recover deleted data from a backup? I am desperate to get this information back as soon as possible.,Data Management
TKT-01754,Unable to map custom fields correctly,I am having trouble mapping my custom field labels during the data import process. The system keeps defaulting to standard naming conventions instead of recognizing my specific schema. Any advice on how to force the mapping correctly?,Data Management
TKT-01755,Database connection timeout issues,Our application is experiencing frequent connection timeouts when trying to read from your data platform. Our developers checked our side and everything appears fine on our local network. Could you please investigate if there is an issue with your database availability?,Data Management
TKT-01756,Data visualization tool is displaying null values,The analytics report I generated this morning is full of null entries for the past week. I verified that the raw data is present in the source files. Why is the visualization tool failing to aggregate these values correctly?,Data Management
TKT-01757,Requesting a schema change for account records,We need to add a new mandatory field to our account database to capture regional tax information. Could you guide us on how to implement this schema change without breaking existing data integrity? We want to make sure the historical records remain untouched.,Data Management
TKT-01758,Filtering function not working on large tables,"When I try to filter by date ranges in the main data view, the page just spins indefinitely. It works fine for small sample sizes, but fails when I load the full record set. Is there a limit to how many rows can be filtered at once?",Data Management
TKT-01759,Duplicate entries appearing after merge,"I attempted to merge two customer databases earlier today, but now I'm seeing duplicate records for several clients. It seems like the unique identifier check didn't work as expected. How can I safely deduplicate the merged list now?",Data Management
TKT-01760,Permissions issue with shared data folders,"I can see the main directory, but I am unable to edit or delete any files inside the shared team folder. My manager granted me full access yesterday, so I'm confused about why I still have read-only status. Can you fix my access levels?",Data Management
TKT-01761,API rate limits affecting data extraction,"We are getting constant 429 errors while trying to pull our daily transaction reports. We didn't change our polling frequency, so we aren't sure why we are hitting the limits suddenly. Can you increase our quota or suggest a better way to extract this?",Data Management
TKT-01762,Slow data import speeds,Uploading our monthly performance files is taking hours instead of the usual twenty minutes. The progress bar barely moves even when I have a strong internet connection. Is there a server issue that might be causing this slowdown?,Data Management
TKT-01763,Invalid character encoding in exported files,"When I open the data reports I download from your site, all the special characters in user names are scrambled. It looks like an encoding issue, possibly UTF-8 related. How can I ensure the files come out correctly formatted?",Data Management
TKT-01764,Need help with data migration from legacy system,We are planning to move our entire database to your platform next month. Does your team provide support for mapping our legacy data structures to your required format? I would like to schedule a call to discuss the best approach for this migration.,Data Management
TKT-01765,Search index not updating,"I added several new entries to the database this morning, but they are not showing up when I use the internal search tool. It seems like the index hasn't refreshed in several hours. How can I force a manual re-index of the data?",Data Management
TKT-01766,Data retention policy clarification,I need to know exactly how long you store logs before they are purged from the system. Our compliance team is asking for documentation regarding our data retention practices. Can you provide a summary or a link to the relevant policy?,Data Management
TKT-01767,Bulk update failed due to validation error,"I tried to bulk update user preferences, but the operation failed because of a validation error I don't recognize. The log file just says 'unexpected format' without pointing to the specific cell. Can someone help me identify the problematic record?",Data Management
TKT-01768,Automated daily backup is failing,We received an alert that our automated daily backup failed for the third night in a row. This is critical for our disaster recovery planning. Please let us know why these backups are failing and how we can get them running again.,Data Management
TKT-01769,Data export failing with timeout error,"I am trying to export my monthly analytics report, but the system keeps throwing a timeout error after a few minutes. I have tried reducing the date range, but it still won't complete. Could you please check if there is a server-side limitation?",Data Management
TKT-01770,Duplicate records after database sync,"Since the last software update, my customer database is showing hundreds of duplicate entries. It seems like the synchronization process is not checking for existing records correctly. How can I merge these duplicates without losing the associated transaction history?",Data Management
TKT-01771,Unable to upload CSV file,"I keep getting an error whenever I try to upload my contact list via CSV. I have double-checked the formatting and headers according to your documentation, but the system says the file is invalid. Can someone please take a look at the file or tell me what I am doing wrong?",Data Management
TKT-01772,Missing data points in dashboard,"Some of my project metrics are not showing up on the main dashboard for the last three days. Everything looks fine in the underlying raw data tables, but the visual graphs are incomplete. Please investigate why the dashboard is not pulling the current data.",Data Management
TKT-01773,Permission issue with data access,My team members are reporting that they can no longer view the shared data folders. I checked the permissions settings and everyone seems to have the correct access levels assigned. Is there a global restriction that might be overriding our local settings?,Data Management
TKT-01774,Incorrect data filtering results,"When I apply the filter for 'Completed' orders, the system shows items that are still in 'Pending' status. This makes it impossible for me to generate accurate sales reports. Please fix this filtering logic as soon as possible.",Data Management
TKT-01775,Data migration request for new account,We recently purchased a new subscription and want to move our data from the legacy platform to this one. What is the standard procedure for initiating a bulk data migration? We have about 50GB of files that need to be transferred securely.,Data Management
TKT-01776,API returning empty response for data query,"My application is performing a GET request to your data API, but it returns an empty body even though the records exist. I am using the standard authentication headers and the query parameters match your API documentation. Could there be an issue with the endpoint right now?",Data Management
TKT-01777,System slow when loading large datasets,The interface completely freezes whenever I try to open a data table with more than a thousand rows. Is there a way to enable server-side pagination so that the browser doesn't crash? I need to be able to manage these large files efficiently.,Data Management
TKT-01778,Accidental deletion of dataset,I accidentally deleted a critical dataset while trying to clean up my workspace. Is there any way for your team to restore this data from a recent backup? This information is vital for our upcoming presentation.,Data Management
TKT-01779,Data field mapping not saving,"I set up custom field mappings for our data import, but the system reverts them back to default every time I log out. It is very frustrating to have to reconfigure this every single morning. Can you please check if there is a bug in the configuration save function?",Data Management
TKT-01780,Corrupt file error during download,"I have attempted to download my quarterly data archive multiple times, but the ZIP file is always reported as corrupted by my computer. I have tried using different browsers, but the result remains the same. Can you provide a direct download link that might be more stable?",Data Management
TKT-01781,Inconsistent data across regions,"We are seeing a discrepancy between the data reported in the US and EU regions. It appears that the regional servers are not syncing correctly, leading to conflicts in our global reports. How can we force a re-synchronization to ensure data integrity?",Data Management
TKT-01782,Request for data encryption details,Our security department is asking for documentation regarding how our data is encrypted at rest and in transit. Could you please provide a technical whitepaper or a summary of your security protocols? We need this for our compliance audit.,Data Management
TKT-01783,Search function not indexing new entries,"I added several new entries to the database this morning, but they are not showing up in the search results. It seems like the indexing service might be hung. Could you please force an index update on my account?",Data Management
TKT-01784,Custom tags not applying to records,"I am trying to apply bulk tags to my records to organize them better, but the change doesn't stick. The UI says 'Success' but the tags disappear upon refreshing the page. Please assist with this issue.",Data Management
TKT-01785,Data export format request,"The current system only allows exporting to CSV, but we require an XML or JSON format for our internal tools. Is there any way to change the default export file format? If not, do you have any suggestions for a workaround?",Data Management
TKT-01786,Auto-save feature overwriting data,The auto-save function is overwriting my manual edits whenever I move to a new field. It is incredibly disruptive to my workflow and I keep losing progress on my data entry. Please tell me how to disable this feature.,Data Management
TKT-01787,Need help with SQL query builder,"I am trying to build a complex query to filter users who haven't logged in for six months, but the builder is throwing a syntax error. Could you provide an example of the correct syntax for this specific condition? I'm not very experienced with SQL.",Data Management
TKT-01788,Accessing historical data logs,I need to see the activity logs for who modified a specific record last week. I checked the audit tab but I only see logs going back 48 hours. Is there a way to retrieve older data logs from the archive?,Data Management
TKT-01789,Data export failing with timeout error,"I am trying to export my monthly analytics report, but the system keeps throwing a timeout error at 90 percent. I have tried several times throughout the day with no luck. Could you please check if there is an issue with the server load?",Data Management
TKT-01790,Cannot import CSV file due to formatting error,"Every time I upload my customer contact list, the system rejects it saying there is a header mismatch. I have double-checked the CSV format and it seems correct based on your documentation. Is there a specific encoding I should be using for this to go through?",Data Management
TKT-01791,Data sync not reflecting in dashboard,"My CRM is supposed to sync with the database every hour, but nothing has updated since yesterday. I have checked the API credentials and they appear to be active. Can you verify if the pipeline is stalled on your end?",Data Management
TKT-01792,Accidental deletion of dataset,I accidentally deleted a project folder containing vital research data. Is there any way for your team to restore this from a backup? This is time-sensitive and I am very worried about the loss.,Data Management
TKT-01793,Database schema migration issue,"After applying the latest migration script, several of my custom fields are missing from the interface. It seems the mapping got corrupted during the update process. I need help rolling this back or fixing the schema link immediately.",Data Management
TKT-01794,Permission denied when accessing shared data,"My team lead shared a data repository with me, but I keep getting a permission denied error. I can see the folder name, but clicking into it fails every time. Please grant me the necessary access so I can finish my report.",Data Management
TKT-01795,Batch processing stuck at pending status,"I queued a batch update for three thousand records this morning and it is still stuck on pending. Usually, this finishes within fifteen minutes. Is there a known backlog affecting the processing queue?",Data Management
TKT-01796,Duplicate records appearing after merge,"I used the merge feature to combine two user accounts, but now I have duplicate entries appearing in the search results. It looks like the primary key was not updated correctly. Can you help me clean up these ghost records?",Data Management
TKT-01797,API rate limits being exceeded,"Our application is hitting the API rate limit constantly, even though we are only polling for data once every ten minutes. It seems like the throughput calculation is incorrect. Could you check if our account is throttled inappropriately?",Data Management
TKT-01798,Inconsistent data reporting,The numbers in my summary widget do not match the raw data export files. It is causing issues with our internal auditing. Which source should I trust for accurate reporting?,Data Management
TKT-01799,Unable to connect to external data source,"I am trying to connect to a secure remote server to pull data, but the connection is being refused. I have verified the firewall settings on my end. Is there an IP whitelist I need to add your service to?",Data Management
TKT-01800,Historical data query performance is poor,Running any queries against data from more than six months ago takes forever and often crashes the browser. Is there a way to index these older records to speed up the retrieval? This is slowing down my research significantly.,Data Management
TKT-01801,Metadata is missing on uploaded files,"I uploaded a batch of documents, but all the associated metadata tags were stripped out during the process. This makes it impossible for me to categorize them properly. How can I fix this without re-uploading everything?",Data Management
TKT-01802,Data retention policy question,How long are our deleted items held before they are permanently purged from the system? I need to comply with our company's document retention policy. Thanks in advance for the clarification.,Data Management
TKT-01803,Large file upload failing,"I keep trying to upload a dataset that is about 500MB, but it fails every time around 40 percent. I have a stable internet connection, so I do not think it is on my side. Are there limits on file sizes for individual uploads?",Data Management
TKT-01804,Incorrect character encoding in exported reports,All the special characters in my exported Excel file are appearing as garbage text. It looks like a UTF-8 encoding issue on your end. Is there a setting I can change to export with standard formatting?,Data Management
TKT-01805,Automated data cleanup job failing,"The daily cleanup script is reporting a failure in the logs for the past three nights. I cannot see the specific error code, just that the task aborted. Could you take a look at the system logs for my account?",Data Management
TKT-01806,User data privacy request,We need to provide an extract of all data held for a specific user to comply with a legal request. Can your team generate a full export of an individual user's profile and activities? Please let me know how to initiate this procedure.,Data Management
TKT-01807,Data validation rules not working,"I set up a validation rule to prevent empty fields in my contact form, but it is allowing users to submit blanks anyway. It seems like the custom validation layer is being bypassed. How do I enforce these constraints properly?",Data Management
TKT-01808,Slow dashboard load times with high volume,"Our database has grown significantly, and now the dashboard takes over a minute to render. Is there a caching strategy or optimization I can implement to improve performance? Any advice would be appreciated.",Data Management
TKT-01809,Unable to export user data to CSV,"I have been trying to download my analytics report for the past hour, but the export button does nothing. Every time I click it, the page refreshes and clears my selected date range. This is quite urgent as I need the data for a board meeting tomorrow.",Data Management
TKT-01810,Business hours inquiry,Could you please let me know if your support team is available on weekends? I am trying to plan a project launch and need to know when I can reach someone for assistance.,General Inquiry
TKT-01811,How do I update my profile picture?,I have been looking around the settings menu for a while now but I cannot figure out where to change my avatar. Is there a specific button I am missing or do I need to go to a different page?,General Inquiry
TKT-01812,Information regarding software compatibility,Does your platform currently support integration with third-party project management tools? I am looking to streamline my workflow and need to confirm if this is possible before I commit.,General Inquiry
TKT-01813,Confused about the pricing structure,I am looking at your website and I am not quite sure what the difference is between the basic and premium tiers. Could someone clarify the main feature differences for me? Thanks.,General Inquiry
TKT-01814,Request for documentation,I am working on a technical implementation and need the latest API documentation. Could you please send me a link or point me in the right direction? Your help is greatly appreciated.,General Inquiry
TKT-01815,Is there a bulk discount?,My team is growing and we are planning to purchase multiple licenses at once. Is there a specific discount program available for larger teams? Please let me know the process.,General Inquiry
TKT-01816,Where can I find my usage history?,I need to export a report of my activity for the last three months for accounting purposes. I have checked the dashboard but I cannot see an export button. Can you assist me with this?,General Inquiry
TKT-01817,Can I request a feature?,"I really love using your service, but I think it would be great if you added a dark mode option. Who should I talk to about submitting a feature request? Let me know!",General Inquiry
TKT-01818,Inquiry about data privacy,I am conducting a security audit for my company and need information regarding where your servers are located. Could you provide some documentation on your data hosting practices? Thank you.,General Inquiry
TKT-01819,Changing the display language,Is it possible to switch the application language to Spanish? I have checked the account settings but I only see English as an option. Thanks in advance.,General Inquiry
TKT-01820,Unsure about account verification,I received an email asking me to verify my account but I am worried it might be a scam. Can you confirm if this is a legitimate request from your team? I don't want to click any suspicious links.,General Inquiry
TKT-01821,Are there student discounts available?,I am currently enrolled in university and I am very interested in using your software for my studies. Does your company offer any special pricing for students? Any info would be helpful.,General Inquiry
TKT-01822,Requesting a demo for my team,We are evaluating a few different solutions for our office and would love to see a live walkthrough of your platform. Is it possible to schedule a short demo with a sales representative? Let me know your availability.,General Inquiry
TKT-01823,How do I clear my notification history?,My notifications tab is getting very cluttered and I want to delete the old items. Is there a way to clear them all at once or do I have to do it individually? Thanks for the help.,General Inquiry
TKT-01824,Service availability in my region,I am planning to travel abroad for a few months and want to make sure I can still access my account while I am away. Are there any regional restrictions I should be aware of? Best regards.,General Inquiry
TKT-01825,Inquiry regarding partnership opportunities,We are a digital marketing agency and we are interested in becoming a partner. Who should we contact to discuss a potential collaboration? Please direct this to the appropriate department.,General Inquiry
TKT-01826,Confused by the terminology used,I am new to your software and I am having trouble understanding some of the technical terms in the manual. Is there a glossary or a beginner's guide I can reference? I feel a bit lost.,General Inquiry
TKT-01827,Can I change my payment method?,My company card is expiring soon and I need to update my billing information. Could you please guide me through the steps to change the payment method on file? Thanks.,General Inquiry
TKT-01828,Questions about software updates,How often do you release new versions or updates for the desktop application? I want to make sure I am always on the latest version to avoid bugs. Let me know if I need to check for updates manually.,General Inquiry
TKT-01829,Trying to delete my account,I no longer have a use for this service and would like to close my account permanently. Could you please explain the process for doing this? Please let me know if there is anything I need to back up first.,General Inquiry
TKT-01830,Question regarding subscription billing cycle,I noticed that my monthly charges seem to be hitting my account at different times each month. Could you clarify if the billing date is fixed or if it shifts based on the weekend? I would appreciate it if you could help me understand how this works.,General Inquiry
TKT-01831,Need information on account upgrade options,"Hi there, I am currently on the basic plan but I am thinking about moving up to the pro tier. Can you tell me if there is a way to try the features out before I commit to the higher price? Let me know what my options are.",General Inquiry
TKT-01832,How do I update my notification settings?,I keep getting too many emails from your system and I want to turn them off. I looked in the settings menu but could not find the right toggle. Could you point me in the right direction?,General Inquiry
TKT-01833,Inquiry about feature roadmap,I really enjoy using your platform for my daily tasks. Do you have a public roadmap where I can see what features you are planning to release next? I am specifically interested in seeing if a dark mode will be implemented soon.,General Inquiry
TKT-01834,Requesting clarification on service terms,I was reading through your user agreement and felt a bit confused by the section on data usage. Could someone please explain what this means in plain English? I just want to make sure I am fully aware of my rights.,General Inquiry
TKT-01835,Are there any student discounts available?,I am a full-time university student and was wondering if your company offers any special pricing for students. I would love to use your services but the current price is a bit high for my budget. Please let me know if there are any current promotions.,General Inquiry
TKT-01836,General feedback on the new interface,"The new update looks very sleek, but I am having trouble finding the export button that used to be at the top. Did you move it to a different menu? I really need to get my reports out by the end of the day.",General Inquiry
TKT-01837,Can I have multiple users on one plan?,My team is growing and we need to know if we can add more people to our current account. Is there a limit to how many users can log in simultaneously? Let me know if we need to switch to an enterprise plan for this.,General Inquiry
TKT-01838,Requesting a copy of my historical usage data,Is it possible for me to download all of my activity logs from the past year? I am putting together an annual summary for my records and would like to have that data in a spreadsheet format. Thanks for your help.,General Inquiry
TKT-01839,Question about security protocols,"I work for a large company and need to confirm a few things regarding your data security policies for our compliance department. Specifically, I need to know how often you conduct penetration testing and if you are compliant with industry standards. Please provide the relevant documentation.",General Inquiry
TKT-01840,How do I delete my account permanently?,I have decided to stop using the service and would like to remove my account and all associated data. Can you guide me through the deletion process? I want to make sure everything is completely wiped from your servers.,General Inquiry
TKT-01841,Inquiry about upcoming maintenance windows,I noticed there were some service interruptions yesterday morning. Do you have a page where you list scheduled maintenance or report status updates? It would be helpful to know about these in advance so I can plan my work around them.,General Inquiry
TKT-01842,Are you hiring for any remote positions?,I really love your company's product and mission. I was wondering if you have a careers page where I can see current openings? I am very interested in joining your team if the opportunity arises.,General Inquiry
TKT-01843,Question about mobile app availability,"I am currently using the web version of your platform but would prefer to use an app on my phone. Is there an official mobile application available for download? If not, do you have plans to release one in the near future?",General Inquiry
TKT-01844,Can I change my account display name?,I noticed my full name is showing up in the community forums and I would like to change it to a nickname for privacy reasons. Where can I go to edit my profile details? Thanks for the assistance.,General Inquiry
TKT-01845,Requesting information on API access,"I am a developer interested in integrating your platform with my own custom software. Do you provide an API for public use? If so, where can I find the technical documentation to get started?",General Inquiry
TKT-01846,Inquiry regarding seasonal promotional codes,I am planning to sign up for an annual subscription next month. Are there usually any seasonal discount codes or holiday promotions I should look out for? I would prefer to wait if a sale is coming up soon.,General Inquiry
TKT-01847,Can I get a tax receipt for my payment?,I paid for the premium subscription last month but did not receive a proper tax receipt in my inbox. Could you please resend that to me? It is necessary for my business expense reports.,General Inquiry
TKT-01848,How does the referral program work?,I have a few colleagues who are interested in signing up for your service. I heard you have a referral program where both parties get a discount. Can you explain how I can share my referral link with them?,General Inquiry
TKT-01849,Question about language support,Does your platform support multiple languages for the user interface? My team is based in a different country and we would prefer to work in our local language if possible. Let me know if this feature is available.,General Inquiry
TKT-01850,Question regarding subscription billing cycle,I noticed that my monthly charges seem to hit my card on different days each month. Could you please explain how the billing cycle is determined? I would like to know if there is a way to set a specific date for these payments.,General Inquiry
TKT-01851,Need information about upcoming service changes,I heard rumors about potential changes to the service features next month. Can you provide a summary of what is actually changing for current users? I want to ensure my workflow won't be disrupted.,General Inquiry
TKT-01852,How to update my contact information,"Hi there, I recently moved and need to update the contact details on my profile. I checked the settings menu but I cannot find the edit button for my address. Could you point me in the right direction?",General Inquiry
TKT-01853,Request for documentation on API usage,I am working on integrating your service with my internal dashboard. Is there a comprehensive API reference guide available for developers? Please let me know where I can download the latest documentation.,General Inquiry
TKT-01854,Are you offering holiday discounts?,"I am interested in upgrading my current plan, but I was wondering if you have any seasonal promotions coming up. Should I wait a few weeks or sign up now? Thanks for the help.",General Inquiry
TKT-01855,Clarification on data retention policy,I need to know how long you store user data after an account is deactivated for compliance reasons. Could you send me a copy of your current data retention policy? I need this for my company's audit.,General Inquiry
TKT-01856,Inquiry about multi-user license options,My team is growing and I need to add more seats to our current subscription. Is there a bulk discount available for adding ten or more users at once? Please send me information on the enterprise pricing tiers.,General Inquiry
TKT-01857,Where can I find the mobile app?,"I was told there is a mobile application, but I can only find the desktop version on your site. Is the app available for both iOS and Android? Please provide a link to the official store page.",General Inquiry
TKT-01858,General question about platform compatibility,"Will your software work on a Linux-based operating system? I have been using it on my laptop, but I am setting up a new workstation. Let me know if there are any specific dependencies I should be aware of.",General Inquiry
TKT-01859,Feedback regarding new interface update,I have been using your service for a while and just wanted to ask why the dashboard layout was changed. I am finding it quite difficult to locate my favorite tools now. Is there a way to revert to the classic view?,General Inquiry
TKT-01860,Inquiry about professional services,Does your company offer training sessions or onboarding support for new teams? We just purchased a subscription and want to make sure our staff is using the tools effectively. Please let me know what packages are available.,General Inquiry
TKT-01861,Request for feature roadmap,I love the product but I am really hoping for a specific integration feature soon. Is there a public roadmap where I can see what is being developed? I would love to vote on upcoming features.,General Inquiry
TKT-01862,Can I export my project history?,"I am cleaning up my account and need to download a full history of my past projects. Is there a bulk export button somewhere in the settings? If not, how can I save this information before deleting the records?",General Inquiry
TKT-01863,Inquiry about security certifications,My IT department requires proof of your security certifications before we can fully adopt your platform. Do you have a trust center page or a document detailing your SOC 2 compliance? Please provide these details as soon as possible.,General Inquiry
TKT-01864,How to pause my subscription instead of canceling,I need to take a break from the service for a few months due to travel. Is it possible to pause my account instead of closing it entirely? I would like to keep my data saved for when I return.,General Inquiry
TKT-01865,Questions about affiliate program,I am a content creator and I am interested in promoting your platform to my audience. Do you have an affiliate or referral program I can join? Please send over the requirements and commission structure.,General Inquiry
TKT-01866,What is the limit on file uploads?,I keep getting an error message when trying to upload a large PDF file. Is there a maximum file size for attachments on the free plan? I need to know how much I should compress my documents.,General Inquiry
TKT-01867,Seeking clarification on user roles,I am trying to restrict access for some of my team members but I am confused by the admin settings. What is the difference between an editor and a viewer role? A brief explanation or link would be great.,General Inquiry
TKT-01868,Are there student discounts available?,I am currently enrolled in university and I am very interested in using your software for my research project. Do you offer any discounted pricing for students? Any assistance would be appreciated.,General Inquiry
TKT-01869,Request for invoice copies,I seem to have missed the emails containing my monthly receipts for the last quarter. Is there a way to download past invoices directly from my user dashboard? I need these for my tax filings.,General Inquiry
TKT-01870,Business hours inquiry,Could you please let me know what your current operating hours are for the support desk? I need to know when I can reach someone by phone to discuss my account status. Thank you.,General Inquiry
TKT-01871,Service availability in my region,I am interested in signing up for your services but I am unsure if you cover my area. Can you provide a list of supported regions or a tool to check availability? I appreciate your help.,General Inquiry
TKT-01872,How do I update my profile picture?,I have been looking through the settings menu for a while now but cannot find where to change my avatar. Is this feature currently hidden or am I just missing the button? Please guide me in the right direction.,General Inquiry
TKT-01873,Information regarding partnership opportunities,My company is interested in forming a formal partnership with your organization. Who is the best person to speak with regarding B2B inquiries? Please point me toward the correct department.,General Inquiry
TKT-01874,Requesting a copy of terms of service,I need to review the specific legal terms I agreed to when I first signed up. Is there a way to download a PDF version for my records? I want to ensure I am fully compliant with your guidelines.,General Inquiry
TKT-01875,Feedback regarding new layout,"I really love the new look of the dashboard, but I am finding it a bit difficult to navigate compared to the old version. Are there any tutorials or guides you can send over to help me get adjusted? Thanks.",General Inquiry
TKT-01876,Are there student discounts available?,"I am a full-time student and was wondering if you offer any special pricing plans for the academic community. If so, what documentation do I need to provide to qualify? Thanks for your time.",General Inquiry
TKT-01877,Inquiry about upcoming feature releases,I saw a mention of a new update on your social media page recently. Is there an official roadmap I can view to see what new tools are coming out soon? I am very excited about the progress.,General Inquiry
TKT-01878,Setting up multiple user profiles,Is it possible to have more than one user profile under a single subscription plan? I want my spouse to have their own login credentials but keep our account history combined. Let me know if this is supported.,General Inquiry
TKT-01879,Payment method change question,I recently got a new bank card and need to update my billing info before the next cycle hits. Can you confirm if this will cause a temporary service interruption? I want to make sure my access stays active.,General Inquiry
TKT-01880,Requesting a product demonstration,My team is considering switching over to your platform for our daily operations. Could we schedule a live demo to see how the software handles bulk data? Please let me know your availability for next week.,General Inquiry
TKT-01881,Where can I find my usage history?,I am trying to track how much I have used the service over the past few months. I cannot seem to locate the reports section in my account panel. Could you please show me how to access those stats?,General Inquiry
TKT-01882,Inquiry on accessibility features,Does your platform support screen readers and other assistive technologies? My colleague requires these features to perform their job tasks effectively. A quick confirmation would be greatly appreciated.,General Inquiry
TKT-01883,Data privacy question,I am curious about how my personal information is stored and if it is shared with any third-party marketing firms. Could you clarify your privacy policy on this specific matter? Thank you.,General Inquiry
TKT-01884,Trouble finding the download link,"I purchased the software, but I am stuck on the installation page and can't find the installer file. Where exactly is the download link located? A screenshot or direct link would be helpful.",General Inquiry
TKT-01885,Can I upgrade my plan mid-month?,"I am currently on the basic plan but realized I need the extra features provided in the premium tier. If I upgrade today, will the cost be prorated for the remainder of the month? Let me know how that works.",General Inquiry
TKT-01886,General inquiry about account deletion,I might be leaving the platform soon due to a project ending and wanted to know the proper procedure for closing my account. What happens to my saved data if I delete the profile? Just want to be prepared.,General Inquiry
TKT-01887,Looking for the community forum,I heard there is a user community where people share tips and custom scripts for your software. Could you provide a link to the official forum? I would love to join the discussion.,General Inquiry
TKT-01888,Question about bulk import tools,Does your system allow for importing data from other external programs? I have a large spreadsheet that I would prefer not to type in manually. Please advise on the supported file formats.,General Inquiry
TKT-01889,Is there a trial period extension?,I have been really busy lately and haven't had enough time to properly test the features during my free trial. Would it be possible to get a few extra days to evaluate the software? Thanks for considering my request.,General Inquiry
TKT-01890,Hours of operation,Could you please let me know what time your office opens on Saturdays? I need to drop off some paperwork but want to make sure someone is there to receive it.,General Inquiry
TKT-01891,General question about subscription plans,I am currently on the basic plan but thinking about upgrading. Could someone send me a comparison chart of the features included in the premium tier? Thanks for the help.,General Inquiry
TKT-01892,Inquiry regarding service coverage,Does your company provide services in the northern region? I am moving soon and want to know if I can keep my current account.,General Inquiry
TKT-01893,Request for public information,Where can I find the latest annual report for your company? I have looked at the main page but cannot seem to locate the documentation section.,General Inquiry
TKT-01894,Information on referral bonuses,I have a few friends interested in your platform. Do you offer any referral bonuses or discounts for new signups if they use my link?,General Inquiry
TKT-01895,Updating communication preferences,I keep getting way too many emails from your marketing team. How can I manage my subscription settings so I only receive important account updates?,General Inquiry
TKT-01896,Can I get a tax receipt?,I need a summary of my total payments from last year for my accountant. Is there a way to generate a tax receipt through the portal?,General Inquiry
TKT-01897,Inquiry about partnership opportunities,Our organization is interested in collaborating with your team on a future project. Who should I contact to discuss potential partnership opportunities and business alignment?,General Inquiry
TKT-01898,How to close my account,I have decided that I no longer need your services for the foreseeable future. Could you please provide instructions on how to permanently delete my account?,General Inquiry
TKT-01899,Questions about upcoming software updates,I noticed there is talk about a new interface update rolling out soon. Will there be any major changes to the navigation menu that I should prepare for?,General Inquiry
TKT-01900,Seeking clarification on user manual,"I am trying to follow the steps in the provided manual, but page five is confusing. Can someone clarify the instructions for the initial setup process?",General Inquiry
TKT-01901,Does the service work offline?,I travel frequently for work and often find myself in areas with poor internet. Is there a feature that allows me to access data while offline?,General Inquiry
TKT-01902,Requesting a demo for my team,I am interested in using this for my small business but want to see it in action first. Can I schedule a brief live demonstration with a sales representative?,General Inquiry
TKT-01903,Company mascot/branding usage,We are creating a blog post about industry leaders and would love to include your logo. Is there a specific brand kit I should use for high-resolution assets?,General Inquiry
TKT-01904,Inquiry regarding data privacy,I am very concerned about how my personal information is stored and processed by your system. Can you direct me to a document that outlines your security protocols?,General Inquiry
TKT-01905,Payment method update,"My current card is about to expire, so I need to switch to a new one. Where do I go in the settings to ensure my billing information stays current?",General Inquiry
TKT-01906,Where is the physical location?,I thought I saw a local office nearby but I cannot find the address on your website. Is there a public storefront or is this an online-only operation?,General Inquiry
TKT-01907,Trouble finding the download link,"I purchased the software, but I cannot seem to find the link to download the installer. Could you please send me the direct link or guide me to the right page?",General Inquiry
TKT-01908,Information about seasonal promotions,Do you have any sales or discount codes coming up for the holidays? I am looking to renew my membership and was hoping to catch a deal.,General Inquiry
TKT-01909,Are there student discounts?,"I am a full-time university student and was wondering if you offer a verified student discount for your annual subscription. If so, what documents do you need from me?",General Inquiry
TKT-01910,Business hours clarification,Could you please let me know if your support team is available during the upcoming public holiday? I have an urgent matter that needs attention but I am unsure if I should wait until the following business day.,General Inquiry
TKT-01911,How do I update my payment method?,I need to change the credit card linked to my subscription as my current one is expiring soon. Could you send me instructions on where to manage these billing settings within the dashboard?,General Inquiry
TKT-01912,Inquiry regarding service coverage,"I am interested in signing up for your service, but I need to confirm if it is available in my specific region. Could you provide a list of supported areas or a tool where I can check my eligibility?",General Inquiry
TKT-01913,Request for a copy of terms of service,My company is performing an internal audit and requires a copy of the original terms of service that were in effect when we first joined. Could you provide a document or a link to the archives?,General Inquiry
TKT-01914,Information about upcoming feature releases,"I really enjoy using your product, but I was wondering if there is a roadmap available for upcoming updates. Are there any plans to add integration support for third-party software in the near future?",General Inquiry
TKT-01915,Can I upgrade my current plan?,My team has grown significantly and we are hitting the limits of our current tier. What is the process for switching to an enterprise plan without losing any of our historical data?,General Inquiry
TKT-01916,Company contact information,I am trying to reach your sales department to discuss a potential partnership. Do you have a direct line or a specific contact form for business inquiries of this nature?,General Inquiry
TKT-01917,Request for data export process,"I am thinking about migrating my data to another platform. Before I decide, I would like to know what the export process looks like and in what file formats the data can be downloaded.",General Inquiry
TKT-01918,Question about bulk pricing discounts,Our department is planning to purchase fifty licenses for the team. Does your company offer any bulk pricing or volume discounts for organizations of our size?,General Inquiry
TKT-01919,Inquiry on account deletion policy,"If I decide to close my account, what happens to the files I have uploaded? I want to make sure I understand the data retention policy before I proceed with any permanent changes.",General Inquiry
TKT-01920,General feedback regarding user interface,I've been using your tool for a while and I have some thoughts on how the dashboard could be more user-friendly. Is there a dedicated channel where I can submit suggestions to the development team?,General Inquiry
TKT-01921,Seeking clarification on security protocols,My IT security department is asking for documentation regarding your data encryption standards. Could you provide a white paper or a summary of your security measures for our compliance records?,General Inquiry
TKT-01922,Can I pause my subscription?,I am going to be away for a few months and won't be needing the service during that time. Is it possible to pause my account rather than canceling it entirely?,General Inquiry
TKT-01923,Request for referral program details,I have several colleagues who are interested in signing up for your platform. Do you have a referral program that rewards users for bringing in new customers?,General Inquiry
TKT-01924,How do I customize my notification settings?,I am getting way too many emails from your system and I need to tone it down. Where can I go to manage which notifications I receive?,General Inquiry
TKT-01925,Inquiry about legacy software support,I am still running an older version of your application on my desktop. How long will you continue to provide security updates for this specific build?,General Inquiry
TKT-01926,Request for documentation access,I am having a hard time finding the API documentation on your website. Could you please send me a direct link or a PDF copy if one exists?,General Inquiry
TKT-01927,Clarification on multi-user access,"I want to invite my assistant to manage some of my settings, but I don't want them to have access to my billing info. Is it possible to set up restricted user roles?",General Inquiry
TKT-01928,Inquiry regarding accessibility features,Does your platform support screen readers and other accessibility tools for users with visual impairments? This is a requirement for our accessibility compliance policy.,General Inquiry
TKT-01929,Question about company mission,I am writing a blog post about industry leaders and I would love to know more about your company's founding history. Could someone from your PR team provide a brief statement or interview?,General Inquiry
TKT-01930,Question about account subscription billing cycle,I noticed my last charge happened on the 5th instead of the 1st. Could you explain why the billing date changed? I would like to know if it will revert back next month.,General Inquiry
TKT-01931,Need help finding the user manual,"Hi there, I recently purchased your product but I seem to have misplaced the setup guide. Could you point me toward a digital version or a PDF download? Thanks for your help.",General Inquiry
TKT-01932,Inquiry regarding service availability in my region,I am interested in signing up for your service but I cannot find a clear list of supported countries on your site. Is the platform currently operational in France? Please let me know so I can proceed with my purchase.,General Inquiry
TKT-01933,Requesting information on bulk purchase discounts,Our organization is looking to purchase fifty licenses for our staff. Does your company offer any volume pricing or enterprise discounts? We would appreciate a quote if that is possible.,General Inquiry
TKT-01934,Can I update my display name?,"I have been looking everywhere in the settings menu but I cannot figure out how to change my username. Is this something I can do myself, or do I need to open a formal request with your team? It is not a huge deal, but I would prefer to have it updated.",General Inquiry
TKT-01935,Curious about future software updates,"I really enjoy using your application, but I was wondering if there is a public roadmap for upcoming features. I am specifically interested to know if dark mode is being planned for the next release. Keep up the great work.",General Inquiry
TKT-01936,How do I download my payment history?,I need to export a report of all my payments for tax filing purposes. Is there a simple button to download these records as a spreadsheet? I have looked in the dashboard but I am having trouble locating the option.,General Inquiry
TKT-01937,Suggestion for new feature integration,I have been using your tool for a while and I think adding an API integration with common calendar apps would be a game changer. Who is the best person to speak with regarding product feedback? I would love to share some of my ideas.,General Inquiry
TKT-01938,Does this plan support multiple users?,"I am currently on the individual plan, but my teammate needs access to the same dashboard. If I upgrade, will we be able to log in simultaneously from different locations? Thanks.",General Inquiry
TKT-01939,Inquiry regarding holiday support hours,Are you guys going to be in the office during the upcoming holiday week? I am planning to start a big project and I want to know if support will be available if I run into issues. Please let me know.,General Inquiry
TKT-01940,Where can I find my referral link?,I have a few friends who are interested in signing up and I heard there is a referral program. Can you tell me where to find my specific invite link? I would love to share it with them.,General Inquiry
TKT-01941,Clarification on data storage limits,I am confused about the total storage capacity mentioned on the pricing page. Does the limit apply to the total number of files or the total file size? Any clarification would be appreciated.,General Inquiry
TKT-01942,Are you hiring for remote positions?,I am a huge fan of your product and I am looking for new career opportunities. Do you have a careers page where I can see current openings? I would love to join the team if the right role is available.,General Inquiry
TKT-01943,Looking for partnership opportunities,My company is interested in forming a strategic partnership with yours. Who should I contact in your business development department to discuss potential collaboration? Please direct me to the right person.,General Inquiry
TKT-01944,How to delete my account permanently,I have decided to stop using your service for now. How do I go about closing my account and ensuring all my data is wiped? Thanks for the assistance.,General Inquiry
TKT-01945,Inquiry regarding system compatibility,I am running an older version of my operating system and I am worried your software might not work correctly. Could you send me the minimum system requirements? I want to make sure I am covered before I subscribe.,General Inquiry
TKT-01946,Is there a student discount available?,I am a college student and I really need this software for my coursework. Do you offer any discounts for students with a valid school email address? That would be really helpful for my budget.,General Inquiry
TKT-01947,Wondering about the physical office location,I am just curious where your team is primarily based out of. I could not find an address on your website. Is there somewhere I can send a physical thank you card to the team?,General Inquiry
TKT-01948,Request for press kit or logo assets,I am writing an article about your company for a tech blog and I need some high-resolution logo files. Do you have a press kit available for download? Please send a link if so.,General Inquiry
TKT-01949,Can I pause my subscription?,"I am going to be traveling for the next three months and will not be able to use the service. Instead of canceling, is there a way to put my account on hold? Please let me know the options.",General Inquiry
TKT-01950,Question regarding subscription billing cycle,I am trying to understand when exactly my card gets charged each month. Is it on the anniversary of my signup date or the first of the month? Please let me know how I can check this.,General Inquiry
TKT-01951,Need help updating account preferences,"Hi there, I have been looking everywhere but cannot find where to change my notification settings. Could someone please point me in the right direction? Thanks for the help.",General Inquiry
TKT-01952,Are you offering seasonal discounts right now?,I noticed there was a promotion last year around this time. I was wondering if you have any current coupon codes available for returning users. I would love to reactivate my plan if there is a deal.,General Inquiry
TKT-01953,How do I export my activity history?,I need to pull a record of my usage for the past six months for my personal archives. Is there a simple button to download this as a CSV file? I couldn't find the option in the settings menu.,General Inquiry
TKT-01954,Requesting information on your data privacy policy,Could you please send me the documentation regarding how my personal data is stored and used? I am conducting a security audit and need to review your current compliance standards. I appreciate your prompt assistance.,General Inquiry
TKT-01955,Can I have multiple users on one plan?,"My team is growing and we are wondering if we need to upgrade to a business plan to add more seats. Does the basic plan support team access? If not, what are the differences in pricing?",General Inquiry
TKT-01956,Suggestion for a new feature,"I really enjoy using the platform, but it would be so much better if there was a dark mode toggle. Is this something your development team is currently working on? I think many other users would appreciate it.",General Inquiry
TKT-01957,How do I permanently delete my account?,I no longer need the service and would like to close my account entirely. Please confirm the steps I need to take to ensure all my information is wiped from your servers. Thank you.,General Inquiry
TKT-01958,Checking the status of my recent inquiry,I reached out a few days ago regarding my membership status but haven't heard back yet. I just wanted to make sure my request didn't get lost in the system. Could you please provide an update?,General Inquiry
TKT-01959,Is there a way to integrate with third-party tools?,I am trying to connect your platform with my existing project management software. Are there any official APIs or plugins available to facilitate this? Let me know if there is documentation for developers.,General Inquiry
TKT-01960,Inquiry about educational pricing,I am a student currently looking to use your software for my research projects. Do you offer any specific discounts for academic institutions or students? I would love to know if I qualify for a reduced rate.,General Inquiry
TKT-01961,Where can I find your service status page?,I'm experiencing some sluggish performance today and want to check if there is an ongoing outage. Is there a public dashboard where I can monitor the health of your services? Thanks in advance.,General Inquiry
TKT-01962,Request for a partnership opportunity,I represent a media outlet and we are interested in potentially collaborating with your brand. Who would be the best point of contact for marketing or partnership inquiries? Please let me know who I should reach out to.,General Inquiry
TKT-01963,Changing my display name on the platform,"I want to update the name that appears on my public profile, but the field is grayed out in the settings. How do I go about changing this? Is it something I have to request through support?",General Inquiry
TKT-01964,Does the platform work on mobile browsers?,I am frequently on the go and need to know if your site is fully responsive for mobile users. Are there any features that might be restricted when accessing via a tablet or phone? Just want to be prepared.,General Inquiry
TKT-01965,Requesting a copy of my invoice,I seem to have misplaced the receipt for last month's transaction. Is it possible for you to resend that to me? It would be a big help for my expense reporting.,General Inquiry
TKT-01966,Clarification on subscription tiers,I am comparing your Pro and Enterprise plans and am a bit confused by the storage limits. Can you explain if the storage is per user or total for the whole account? Thanks for clarifying.,General Inquiry
TKT-01967,Are you hiring for remote roles?,I've been a long-time user of your software and really admire your product philosophy. Do you have a careers page where I can see current job openings? I would be very interested in joining the team.,General Inquiry
TKT-01968,How do I switch my payment method?,My current credit card is about to expire soon and I want to update my billing info before it does. Where exactly do I go to change the card on file? I don't want to lose access to my tools.,General Inquiry
TKT-01969,Asking about regional availability,My company is opening a new branch in another country and we are wondering if your services are supported there. Are there any geographic restrictions we should be aware of? Please let us know.,General Inquiry
TKT-01970,Business hours clarification,Could you please let me know your office hours during the upcoming holiday week? I need to know when I can expect a response to my pending request.,General Inquiry
TKT-01971,Requesting information on bulk pricing,I am looking into purchasing your software for our entire team of fifty employees. Is there any documentation you can send over regarding volume discount options? Thanks in advance.,General Inquiry
TKT-01972,How do I update my profile display name?,I can't seem to find the button to change my name on my account page. Could you walk me through the steps to get this updated? It currently shows my old last name.,General Inquiry
TKT-01973,Partnership inquiry,We are a digital marketing agency and are interested in potentially partnering with your platform. Who would be the best point of contact to discuss a possible referral program?,General Inquiry
TKT-01974,Looking for the user manual,I recently signed up but I am having trouble getting started with the core features. Is there a comprehensive user guide or a PDF manual that I can download?,General Inquiry
TKT-01975,Suggestion for feature improvement,I have been using your tool for a few months now and really enjoy it. I was wondering if there is a way to suggest a new feature to your development team? It would really help with our daily workflow.,General Inquiry
TKT-01976,"Wait, is this service available in other countries?","My colleague in Germany wants to start using your product, but we are unsure if it is supported in his region. Could you clarify the current service availability? Thanks.",General Inquiry
TKT-01977,Career opportunities,I love the product you guys have built and would love to work with your company. Are you currently accepting applications for remote customer success roles? I didn't see a jobs page on your site.,General Inquiry
TKT-01978,Clarification on subscription tiers,"I'm trying to decide between the standard and pro plans, but the comparison table is a bit confusing. Could you explain the main difference in storage limits? I just want to make sure I pick the right one.",General Inquiry
TKT-01979,Where can I find my usage history?,I need to export a report of our activity from the last month for internal accounting purposes. Is there a specific section in the dashboard where I can pull this data? Thanks.,General Inquiry
TKT-01980,Upcoming maintenance schedule,I keep hearing rumors about a system upgrade happening this weekend. Will there be any downtime that I should prepare for? I need to know if I should avoid working during that time.,General Inquiry
TKT-01981,How to delete account permanently?,I have decided to close my account as we are switching to an internal solution. Please let me know what the process is for permanently deleting all my data. I would appreciate your help.,General Inquiry
TKT-01982,Requesting a demo for my team,"Our department is currently reviewing a few different tools, and yours is on our shortlist. Could we schedule a brief video call for a walkthrough of the platform? Please let me know your availability.",General Inquiry
TKT-01983,Is there a student discount available?,I am currently enrolled at the university and would love to use your software for my research projects. Do you offer any special pricing for students or academic institutions? Thanks for your time.,General Inquiry
TKT-01984,Confused about the trial expiration,"My account says the trial ends in two days, but I only signed up a week ago. I thought I had a full thirty days to test it out. Can you check my status?",General Inquiry
TKT-01985,Request for press kit,I am writing a blog post about top productivity tools and would like to include your product. Where can I find your branding guidelines and high-resolution logos? Thanks!,General Inquiry
TKT-01986,Question about data privacy policy,We are conducting a security review and need to know where our data is physically stored. Can you point me to your detailed security and privacy policy documentation? We need to be sure we are compliant.,General Inquiry
TKT-01987,Can I have multiple users on one account?,"I want to invite my business partner to view the dashboard without giving him my password. Is it possible to add another user, or do we need two separate subscriptions? Let me know the best way to handle this.",General Inquiry
TKT-01988,Missing some features?,"I saw a feature advertised on your website, but I can't find it anywhere in my interface. Am I on the wrong plan, or does it need to be enabled in the settings? Any guidance would be great.",General Inquiry
TKT-01989,Requesting a call back,I have a few complex questions regarding the API integration that are hard to explain over text. Would it be possible for a support representative to give me a quick call? Please let me know when you are free.,General Inquiry
TKT-01990,Hours of operation,Could you please tell me your customer support operating hours? I have a question regarding my subscription but I am not sure when someone will be available to assist.,General Inquiry
TKT-01991,Changing my display name,Hi there. I noticed my account is showing the wrong name and I want to update it. Is there a way for me to edit this in the settings menu or do I need to send a request?,General Inquiry
TKT-01992,Requesting a feature enhancement,I love the product but I think it would be great if there was a dark mode option. Is this something your development team is currently working on or considering for the future?,General Inquiry
TKT-01993,Where can I find my user agreement?,I need to locate a copy of the original terms of service I signed up with. I checked the account portal but could not find a download link. Could you point me in the right direction?,General Inquiry
TKT-01994,Inquiry about partnership programs,My company is interested in potentially partnering with your brand. Who would be the best person to contact regarding business development and corporate collaboration opportunities?,General Inquiry
TKT-01995,How to delete account permanently,I have decided to close my account. Can you tell me what the process is for permanently removing all of my data from your systems?,General Inquiry
TKT-01996,Wait times for support,I submitted a ticket yesterday and haven't heard back yet. What is your typical turnaround time for general inquiries?,General Inquiry
TKT-01997,Information on referral bonuses,I saw a mention of a referral program on social media but I cannot find the details on your website. Does your service offer any incentives for bringing in new users?,General Inquiry
TKT-01998,Are there any seasonal discounts?,I am looking to upgrade my plan soon. Do you happen to have any upcoming promotions or seasonal discounts I should wait for?,General Inquiry
TKT-01999,Accessibility features inquiry,I am writing to ask if your platform is fully compliant with current accessibility standards for screen readers. It is important for my workflow that these tools work seamlessly.,General Inquiry
TKT-02000,Requesting a demo of the service,My team is currently evaluating several software options. Could we schedule a brief walk-through of the platform to see if it fits our specific needs?,General Inquiry
TKT-02001,Can I have multiple users on one plan?,I am currently on the basic plan and I was wondering if I can add team members to it. Do I need to switch to an enterprise plan for that functionality?,General Inquiry
TKT-02002,Updating my mailing preferences,I keep getting newsletters that I did not sign up for. How can I manage my email subscription settings to stop these messages?,General Inquiry
TKT-02003,Feedback regarding the mobile app,"The app is okay, but it seems a bit sluggish on older devices. Are there any known performance optimizations coming in the next update?",General Inquiry
TKT-02004,Requesting information on data security,My compliance department needs more information on how you handle user data encryption. Could you send over a documentation packet or whitepaper on your security protocols?,General Inquiry
TKT-02005,Clarification on plan features,I am trying to decide between the two middle-tier plans. Could you explain the main difference between the advanced analytics tools provided in each one?,General Inquiry
TKT-02006,Offline functionality question,Can I still access my documents if I am not connected to the internet? I will be traveling soon and want to make sure I can still work during my flight.,General Inquiry
TKT-02007,Request for printed documentation,Does your company provide any physical user manuals or printed guides for the software? My manager prefers reading from paper rather than using a screen.,General Inquiry
TKT-02008,How to become a beta tester,I am very interested in your new upcoming features and would love to help test them. Is there an application or sign-up list for your beta testing program?,General Inquiry
TKT-02009,Inquiry about regional availability,I am planning to move abroad in a few months. Will I still be able to use my account and access my data once I am in another country?,General Inquiry
TKT-02010,Inquiry regarding service hours,Hi there. I was wondering what your support hours are on the weekends. I have a question about my account but I work during the week.,General Inquiry
